survived,pclass,sex,age,sibsp,parch,fare,embarked,class,who,adult_male,deck,embark_town,alive,alone,family_size,is_child,fare_per_person
0,3,male,22.0,1,0,7.25,S,Third,man,True,C,Southampton,no,False,2,0,3.625
1,1,female,38.0,1,0,71.2833,C,First,woman,False,C,Cherbourg,yes,False,2,0,35.64165
1,3,female,26.0,0,0,7.925,S,Third,woman,False,C,Southampton,yes,True,1,0,7.925
1,1,female,35.0,1,0,53.1,S,First,woman,False,C,Southampton,yes,False,2,0,26.55
0,3,male,35.0,0,0,8.05,S,Third,man,True,C,Southampton,no,True,1,0,8.05
0,3,male,28.0,0,0,8.4583,Q,Third,man,True,C,Queenstown,no,True,1,0,8.4583
0,1,male,54.0,0,0,51.8625,S,First,man,True,E,Southampton,no,True,1,0,51.8625
0,3,male,2.0,3,1,21.075,S,Third,child,False,C,Southampton,no,False,5,1,4.215
1,3,female,27.0,0,2,11.1333,S,Third,woman,False,C,Southampton,yes,False,3,0,3.7111
1,2,female,14.0,1,0,30.0708,C,Second,child,False,C,Cherbourg,yes,False,2,1,15.0354
1,3,female,4.0,1,1,16.7,S,Third,child,False,G,Southampton,yes,False,3,1,5.566666666666666
1,1,female,58.0,0,0,26.55,S,First,woman,False,C,Southampton,yes,True,1,0,26.55
0,3,male,20.0,0,0,8.05,S,Third,man,True,C,Southampton,no,True,1,0,8.05
0,3,male,39.0,1,5,31.275,S,Third,man,True,C,Southampton,no,False,7,0,4.4678571428571425
0,3,female,14.0,0,0,7.8542,S,Third,child,False,C,Southampton,no,True,1,1,7.8542
1,2,female,55.0,0,0,16.0,S,Second,woman,False,C,Southampton,yes,True,1,0,16.0
0,3,male,2.0,4,1,29.125,Q,Third,child,False,C,Queenstown,no,False,6,1,4.854166666666667
1,2,male,28.0,0,0,13.0,S,Second,man,True,C,Southampton,yes,True,1,0,13.0
0,3,female,31.0,1,0,18.0,S,Third,woman,False,C,Southampton,no,False,2,0,9.0
1,3,female,28.0,0,0,7.225,C,Third,woman,False,C,Cherbourg,yes,True,1,0,7.225
0,2,male,35.0,0,0,26.0,S,Second,man,True,C,Southampton,no,True,1,0,26.0
1,2,male,34.0,0,0,13.0,S,Second,man,True,D,Southampton,yes,True,1,0,13.0
1,3,female,15.0,0,0,8.0292,Q,Third,child,False,C,Queenstown,yes,True,1,1,8.0292
1,1,male,28.0,0,0,35.5,S,First,man,True,A,Southampton,yes,True,1,0,35.5
0,3,female,8.0,3,1,21.075,S,Third,child,False,C,Southampton,no,False,5,1,4.215
1,3,female,38.0,1,5,31.3875,S,Third,woman,False,C,Southampton,yes,False,7,0,4.483928571428572
0,3,male,28.0,0,0,7.225,C,Third,man,True,C,Cherbourg,no,True,1,0,7.225
0,1,male,19.0,3,2,263.0,S,First,man,True,C,Southampton,no,False,6,0,43.833333333333336
1,3,female,28.0,0,0,7.8792,Q,Third,woman,False,C,Queenstown,yes,True,1,0,7.8792
0,3,male,28.0,0,0,7.8958,S,Third,man,True,C,Southampton,no,True,1,0,7.8958
0,1,male,40.0,0,0,27.7208,C,First,man,True,C,Cherbourg,no,True,1,0,27.7208
1,1,female,28.0,1,0,146.5208,C,First,woman,False,B,Cherbourg,yes,False,2,0,73.2604
1,3,female,28.0,0,0,7.75,Q,Third,woman,False,C,Queenstown,yes,True,1,0,7.75
0,2,male,66.0,0,0,10.5,S,Second,man,True,C,Southampton,no,True,1,0,10.5
0,1,male,28.0,1,0,82.1708,C,First,man,True,C,Cherbourg,no,False,2,0,41.0854
0,1,male,42.0,1,0,52.0,S,First,man,True,C,Southampton,no,False,2,0,26.0
1,3,male,28.0,0,0,7.2292,C,Third,man,True,C,Cherbourg,yes,True,1,0,7.2292
0,3,male,21.0,0,0,8.05,S,Third,man,True,C,Southampton,no,True,1,0,8.05
0,3,female,18.0,2,0,18.0,S,Third,woman,False,C,Southampton,no,False,3,0,6.0
1,3,female,14.0,1,0,11.2417,C,Third,child,False,C,Cherbourg,yes,False,2,1,5.62085
0,3,female,40.0,1,0,9.475,S,Third,woman,False,C,Southampton,no,False,2,0,4.7375
0,2,female,27.0,1,0,21.0,S,Second,woman,False,C,Southampton,no,False,2,0,10.5
0,3,male,28.0,0,0,7.8958,C,Third,man,True,C,Cherbourg,no,True,1,0,7.8958
1,2,female,3.0,1,2,41.5792,C,Second,child,False,C,Cherbourg,yes,False,4,1,10.3948
1,3,female,19.0,0,0,7.8792,Q,Third,woman,False,C,Queenstown,yes,True,1,0,7.8792
0,3,male,28.0,0,0,8.05,S,Third,man,True,C,Southampton,no,True,1,0,8.05
0,3,male,28.0,1,0,15.5,Q,Third,man,True,C,Queenstown,no,False,2,0,7.75
1,3,female,28.0,0,0,7.75,Q,Third,woman,False,C,Queenstown,yes,True,1,0,7.75
0,3,male,28.0,2,0,21.6792,C,Third,man,True,C,Cherbourg,no,False,3,0,7.226400000000001
0,3,female,18.0,1,0,17.8,S,Third,woman,False,C,Southampton,no,False,2,0,8.9
0,3,male,7.0,4,1,39.6875,S,Third,child,False,C,Southampton,no,False,6,1,6.614583333333333
0,3,male,21.0,0,0,7.8,S,Third,man,True,C,Southampton,no,True,1,0,7.8
1,1,female,49.0,1,0,76.7292,C,First,woman,False,D,Cherbourg,yes,False,2,0,38.3646
1,2,female,29.0,1,0,26.0,S,Second,woman,False,C,Southampton,yes,False,2,0,13.0
0,1,male,65.0,0,1,61.9792,C,First,man,True,B,Cherbourg,no,False,2,0,30.9896
1,1,male,28.0,0,0,35.5,S,First,man,True,C,Southampton,yes,True,1,0,35.5
1,2,female,21.0,0,0,10.5,S,Second,woman,False,C,Southampton,yes,True,1,0,10.5
0,3,male,28.5,0,0,7.2292,C,Third,man,True,C,Cherbourg,no,True,1,0,7.2292
1,2,female,5.0,1,2,27.75,S,Second,child,False,C,Southampton,yes,False,4,1,6.9375
0,3,male,11.0,5,2,46.9,S,Third,child,False,C,Southampton,no,False,8,1,5.8625
0,3,male,22.0,0,0,7.2292,C,Third,man,True,C,Cherbourg,no,True,1,0,7.2292
1,1,female,38.0,0,0,80.0,S,First,woman,False,B,Southampton,yes,True,1,0,80.0
0,1,male,45.0,1,0,83.475,S,First,man,True,C,Southampton,no,False,2,0,41.7375
0,3,male,4.0,3,2,27.9,S,Third,child,False,C,Southampton,no,False,6,1,4.6499999999999995
0,1,male,28.0,0,0,27.7208,C,First,man,True,C,Cherbourg,no,True,1,0,27.7208
1,3,male,28.0,1,1,15.2458,C,Third,man,True,C,Cherbourg,yes,False,3,0,5.081933333333333
1,2,female,29.0,0,0,10.5,S,Second,woman,False,F,Southampton,yes,True,1,0,10.5
0,3,male,19.0,0,0,8.1583,S,Third,man,True,C,Southampton,no,True,1,0,8.1583
1,3,female,17.0,4,2,7.925,S,Third,woman,False,C,Southampton,yes,False,7,1,1.1321428571428571
0,3,male,26.0,2,0,8.6625,S,Third,man,True,C,Southampton,no,False,3,0,2.8874999999999997
0,2,male,32.0,0,0,10.5,S,Second,man,True,C,Southampton,no,True,1,0,10.5
0,3,female,16.0,5,2,46.9,S,Third,woman,False,C,Southampton,no,False,8,1,5.8625
0,2,male,21.0,0,0,73.5,S,Second,man,True,C,Southampton,no,True,1,0,73.5
0,3,male,26.0,1,0,14.4542,C,Third,man,True,C,Cherbourg,no,False,2,0,7.2271
1,3,male,32.0,0,0,56.4958,S,Third,man,True,C,Southampton,yes,True,1,0,56.4958
0,3,male,25.0,0,0,7.65,S,Third,man,True,F,Southampton,no,True,1,0,7.65
0,3,male,28.0,0,0,7.8958,S,Third,man,True,C,Southampton,no,True,1,0,7.8958
0,3,male,28.0,0,0,8.05,S,Third,man,True,C,Southampton,no,True,1,0,8.05
1,2,male,0.83,0,2,29.0,S,Second,child,False,C,Southampton,yes,False,3,1,9.666666666666666
1,3,female,30.0,0,0,12.475,S,Third,woman,False,C,Southampton,yes,True,1,0,12.475
0,3,male,22.0,0,0,9.0,S,Third,man,True,C,Southampton,no,True,1,0,9.0
1,3,male,29.0,0,0,9.5,S,Third,man,True,C,Southampton,yes,True,1,0,9.5
1,3,female,28.0,0,0,7.7875,Q,Third,woman,False,C,Queenstown,yes,True,1,0,7.7875
0,1,male,28.0,0,0,47.1,S,First,man,True,C,Southampton,no,True,1,0,47.1
1,2,female,17.0,0,0,10.5,S,Second,woman,False,C,Southampton,yes,True,1,1,10.5
1,3,female,33.0,3,0,15.85,S,Third,woman,False,C,Southampton,yes,False,4,0,3.9625
0,3,male,16.0,1,3,34.375,S,Third,man,True,C,Southampton,no,False,5,1,6.875
0,3,male,28.0,0,0,8.05,S,Third,man,True,C,Southampton,no,True,1,0,8.05
1,1,female,23.0,3,2,263.0,S,First,woman,False,C,Southampton,yes,False,6,0,43.833333333333336
0,3,male,24.0,0,0,8.05,S,Third,man,True,C,Southampton,no,True,1,0,8.05
0,3,male,29.0,0,0,8.05,S,Third,man,True,C,Southampton,no,True,1,0,8.05
0,3,male,20.0,0,0,7.8542,S,Third,man,True,C,Southampton,no,True,1,0,7.8542
0,1,male,46.0,1,0,61.175,S,First,man,True,E,Southampton,no,False,2,0,30.5875
0,3,male,26.0,1,2,20.575,S,Third,man,True,C,Southampton,no,False,4,0,5.14375
0,3,male,59.0,0,0,7.25,S,Third,man,True,C,Southampton,no,True,1,0,7.25
0,3,male,28.0,0,0,8.05,S,Third,man,True,C,Southampton,no,True,1,0,8.05
0,1,male,71.0,0,0,34.6542,C,First,man,True,A,Cherbourg,no,True,1,0,34.6542
1,1,male,23.0,0,1,63.3583,C,First,man,True,D,Cherbourg,yes,False,2,0,31.67915
1,2,female,34.0,0,1,23.0,S,Second,woman,False,C,Southampton,yes,False,2,0,11.5
0,2,male,34.0,1,0,26.0,S,Second,man,True,C,Southampton,no,False,2,0,13.0
0,3,female,28.0,0,0,7.8958,S,Third,woman,False,C,Southampton,no,True,1,0,7.8958
0,3,male,28.0,0,0,7.8958,S,Third,man,True,C,Southampton,no,True,1,0,7.8958
0,1,male,21.0,0,1,77.2875,S,First,man,True,D,Southampton,no,False,2,0,38.64375
0,3,male,33.0,0,0,8.6542,S,Third,man,True,C,Southampton,no,True,1,0,8.6542
0,3,male,37.0,2,0,7.925,S,Third,man,True,C,Southampton,no,False,3,0,2.6416666666666666
0,3,male,28.0,0,0,7.8958,S,Third,man,True,C,Southampton,no,True,1,0,7.8958
1,3,female,21.0,0,0,7.65,S,Third,woman,False,C,Southampton,yes,True,1,0,7.65
1,3,male,28.0,0,0,7.775,S,Third,man,True,C,Southampton,yes,True,1,0,7.775
0,3,male,38.0,0,0,7.8958,S,Third,man,True,C,Southampton,no,True,1,0,7.8958
1,3,female,28.0,1,0,24.15,Q,Third,woman,False,C,Queenstown,yes,False,2,0,12.075
0,1,male,47.0,0,0,52.0,S,First,man,True,C,Southampton,no,True,1,0,52.0
0,3,female,14.5,1,0,14.4542,C,Third,child,False,C,Cherbourg,no,False,2,1,7.2271
0,3,male,22.0,0,0,8.05,S,Third,man,True,C,Southampton,no,True,1,0,8.05
0,3,female,20.0,1,0,9.825,S,Third,woman,False,C,Southampton,no,False,2,0,4.9125
0,3,female,17.0,0,0,14.4583,C,Third,woman,False,C,Cherbourg,no,True,1,1,14.4583
0,3,male,21.0,0,0,7.925,S,Third,man,True,C,Southampton,no,True,1,0,7.925
0,3,male,70.5,0,0,7.75,Q,Third,man,True,C,Queenstown,no,True,1,0,7.75
0,2,male,29.0,1,0,21.0,S,Second,man,True,C,Southampton,no,False,2,0,10.5
0,1,male,24.0,0,1,247.5208,C,First,man,True,B,Cherbourg,no,False,2,0,123.7604
0,3,female,2.0,4,2,31.275,S,Third,child,False,C,Southampton,no,False,7,1,4.4678571428571425
0,2,male,21.0,2,0,73.5,S,Second,man,True,C,Southampton,no,False,3,0,24.5
0,3,male,28.0,0,0,8.05,S,Third,man,True,C,Southampton,no,True,1,0,8.05
0,2,male,32.5,1,0,30.0708,C,Second,man,True,C,Cherbourg,no,False,2,0,15.0354
1,2,female,32.5,0,0,13.0,S,Second,woman,False,E,Southampton,yes,True,1,0,13.0
0,1,male,54.0,0,1,77.2875,S,First,man,True,D,Southampton,no,False,2,0,38.64375
1,3,male,12.0,1,0,11.2417,C,Third,child,False,C,Cherbourg,yes,False,2,1,5.62085
0,3,male,28.0,0,0,7.75,Q,Third,man,True,C,Queenstown,no,True,1,0,7.75
1,3,male,24.0,0,0,7.1417,S,Third,man,True,C,Southampton,yes,True,1,0,7.1417
1,3,female,28.0,1,1,22.3583,C,Third,woman,False,F,Cherbourg,yes,False,3,0,7.452766666666666
0,3,male,45.0,0,0,6.975,S,Third,man,True,C,Southampton,no,True,1,0,6.975
0,3,male,33.0,0,0,7.8958,C,Third,man,True,C,Cherbourg,no,True,1,0,7.8958
0,3,male,20.0,0,0,7.05,S,Third,man,True,C,Southampton,no,True,1,0,7.05
0,3,female,47.0,1,0,14.5,S,Third,woman,False,C,Southampton,no,False,2,0,7.25
1,2,female,29.0,1,0,26.0,S,Second,woman,False,C,Southampton,yes,False,2,0,13.0
0,2,male,25.0,0,0,13.0,S,Second,man,True,C,Southampton,no,True,1,0,13.0
0,2,male,23.0,0,0,15.0458,C,Second,man,True,C,Cherbourg,no,True,1,0,15.0458
1,1,female,19.0,0,2,26.2833,S,First,woman,False,D,Southampton,yes,False,3,0,8.7611
0,1,male,37.0,1,0,53.1,S,First,man,True,C,Southampton,no,False,2,0,26.55
0,3,male,16.0,0,0,9.2167,S,Third,man,True,C,Southampton,no,True,1,1,9.2167
0,1,male,24.0,0,0,79.2,C,First,man,True,B,Cherbourg,no,True,1,0,79.2
0,3,female,28.0,0,2,15.2458,C,Third,woman,False,C,Cherbourg,no,False,3,0,5.081933333333333
1,3,female,22.0,0,0,7.75,S,Third,woman,False,C,Southampton,yes,True,1,0,7.75
1,3,female,24.0,1,0,15.85,S,Third,woman,False,C,Southampton,yes,False,2,0,7.925
0,3,male,19.0,0,0,6.75,Q,Third,man,True,C,Queenstown,no,True,1,0,6.75
0,2,male,18.0,0,0,11.5,S,Second,man,True,C,Southampton,no,True,1,0,11.5
0,2,male,19.0,1,1,36.75,S,Second,man,True,C,Southampton,no,False,3,0,12.25
1,3,male,27.0,0,0,7.7958,S,Third,man,True,C,Southampton,yes,True,1,0,7.7958
0,3,female,9.0,2,2,34.375,S,Third,child,False,C,Southampton,no,False,5,1,6.875
0,2,male,36.5,0,2,26.0,S,Second,man,True,F,Southampton,no,False,3,0,8.666666666666666
0,2,male,42.0,0,0,13.0,S,Second,man,True,C,Southampton,no,True,1,0,13.0
0,2,male,51.0,0,0,12.525,S,Second,man,True,C,Southampton,no,True,1,0,12.525
1,1,female,22.0,1,0,66.6,S,First,woman,False,C,Southampton,yes,False,2,0,33.3
0,3,male,55.5,0,0,8.05,S,Third,man,True,C,Southampton,no,True,1,0,8.05
0,3,male,40.5,0,2,14.5,S,Third,man,True,C,Southampton,no,False,3,0,4.833333333333333
0,3,male,28.0,0,0,7.3125,S,Third,man,True,C,Southampton,no,True,1,0,7.3125
0,1,male,51.0,0,1,61.3792,C,First,man,True,C,Cherbourg,no,False,2,0,30.6896
1,3,female,16.0,0,0,7.7333,Q,Third,woman,False,C,Queenstown,yes,True,1,1,7.7333
0,3,male,30.0,0,0,8.05,S,Third,man,True,C,Southampton,no,True,1,0,8.05
0,3,male,28.0,0,0,8.6625,S,Third,man,True,C,Southampton,no,True,1,0,8.6625
0,3,male,28.0,8,2,69.55,S,Third,man,True,C,Southampton,no,False,11,0,6.322727272727272
0,3,male,44.0,0,1,16.1,S,Third,man,True,C,Southampton,no,False,2,0,8.05
1,2,female,40.0,0,0,15.75,S,Second,woman,False,C,Southampton,yes,True,1,0,15.75
0,3,male,26.0,0,0,7.775,S,Third,man,True,C,Southampton,no,True,1,0,7.775
0,3,male,17.0,0,0,8.6625,S,Third,man,True,C,Southampton,no,True,1,1,8.6625
0,3,male,1.0,4,1,39.6875,S,Third,child,False,C,Southampton,no,False,6,1,6.614583333333333
1,3,male,9.0,0,2,20.525,S,Third,child,False,C,Southampton,yes,False,3,1,6.841666666666666
1,1,female,28.0,0,1,55.0,S,First,woman,False,E,Southampton,yes,False,2,0,27.5
0,3,female,45.0,1,4,27.9,S,Third,woman,False,C,Southampton,no,False,6,0,4.6499999999999995
0,1,male,28.0,0,0,25.925,S,First,man,True,C,Southampton,no,True,1,0,25.925
0,3,male,28.0,0,0,56.4958,S,Third,man,True,C,Southampton,no,True,1,0,56.4958
0,1,male,61.0,0,0,33.5,S,First,man,True,B,Southampton,no,True,1,0,33.5
0,3,male,4.0,4,1,29.125,Q,Third,child,False,C,Queenstown,no,False,6,1,4.854166666666667
1,3,female,1.0,1,1,11.1333,S,Third,child,False,C,Southampton,yes,False,3,1,3.7111
0,3,male,21.0,0,0,7.925,S,Third,man,True,C,Southampton,no,True,1,0,7.925
0,1,male,56.0,0,0,30.6958,C,First,man,True,A,Cherbourg,no,True,1,0,30.6958
0,3,male,18.0,1,1,7.8542,S,Third,man,True,C,Southampton,no,False,3,0,2.6180666666666665
0,3,male,28.0,3,1,25.4667,S,Third,man,True,C,Southampton,no,False,5,0,5.0933399999999995
0,1,female,50.0,0,0,28.7125,C,First,woman,False,C,Cherbourg,no,True,1,0,28.7125
0,2,male,30.0,0,0,13.0,S,Second,man,True,C,Southampton,no,True,1,0,13.0
0,3,male,36.0,0,0,0.0,S,Third,man,True,C,Southampton,no,True,1,0,0.0
0,3,female,28.0,8,2,69.55,S,Third,woman,False,C,Southampton,no,False,11,0,6.322727272727272
0,2,male,28.0,0,0,15.05,C,Second,man,True,C,Cherbourg,no,True,1,0,15.05
0,3,male,9.0,4,2,31.3875,S,Third,child,False,C,Southampton,no,False,7,1,4.483928571428572
1,2,male,1.0,2,1,39.0,S,Second,child,False,F,Southampton,yes,False,4,1,9.75
1,3,female,4.0,0,2,22.025,S,Third,child,False,C,Southampton,yes,False,3,1,7.341666666666666
0,1,male,28.0,0,0,50.0,S,First,man,True,A,Southampton,no,True,1,0,50.0
1,3,female,28.0,1,0,15.5,Q,Third,woman,False,C,Queenstown,yes,False,2,0,7.75
1,1,male,45.0,0,0,26.55,S,First,man,True,C,Southampton,yes,True,1,0,26.55
0,3,male,40.0,1,1,15.5,Q,Third,man,True,C,Queenstown,no,False,3,0,5.166666666666667
0,3,male,36.0,0,0,7.8958,S,Third,man,True,C,Southampton,no,True,1,0,7.8958
1,2,female,32.0,0,0,13.0,S,Second,woman,False,C,Southampton,yes,True,1,0,13.0
0,2,male,19.0,0,0,13.0,S,Second,man,True,C,Southampton,no,True,1,0,13.0
1,3,female,19.0,1,0,7.8542,S,Third,woman,False,C,Southampton,yes,False,2,0,3.9271
1,2,male,3.0,1,1,26.0,S,Second,child,False,F,Southampton,yes,False,3,1,8.666666666666666
1,1,female,44.0,0,0,27.7208,C,First,woman,False,B,Cherbourg,yes,True,1,0,27.7208
1,1,female,58.0,0,0,146.5208,C,First,woman,False,B,Cherbourg,yes,True,1,0,146.5208
0,3,male,28.0,0,0,7.75,Q,Third,man,True,C,Queenstown,no,True,1,0,7.75
0,3,male,42.0,0,1,8.4042,S,Third,man,True,C,Southampton,no,False,2,0,4.2021
1,3,female,28.0,0,0,7.75,Q,Third,woman,False,C,Queenstown,yes,True,1,0,7.75
0,2,female,24.0,0,0,13.0,S,Second,woman,False,C,Southampton,no,True,1,0,13.0
0,3,male,28.0,0,0,9.5,S,Third,man,True,C,Southampton,no,True,1,0,9.5
0,3,male,28.0,8,2,69.55,S,Third,man,True,C,Southampton,no,False,11,0,6.322727272727272
0,3,male,34.0,0,0,6.4958,S,Third,man,True,C,Southampton,no,True,1,0,6.4958
0,3,male,45.5,0,0,7.225,C,Third,man,True,C,Cherbourg,no,True,1,0,7.225
1,3,male,18.0,0,0,8.05,S,Third,man,True,C,Southampton,yes,True,1,0,8.05
0,3,female,2.0,0,1,10.4625,S,Third,child,False,G,Southampton,no,False,2,1,5.23125
0,3,male,32.0,1,0,15.85,S,Third,man,True,C,Southampton,no,False,2,0,7.925
1,3,male,26.0,0,0,18.7875,C,Third,man,True,C,Cherbourg,yes,True,1,0,18.7875
1,3,female,16.0,0,0,7.75,Q,Third,woman,False,C,Queenstown,yes,True,1,1,7.75
1,1,male,40.0,0,0,31.0,C,First,man,True,A,Cherbourg,yes,True,1,0,31.0
0,3,male,24.0,0,0,7.05,S,Third,man,True,C,Southampton,no,True,1,0,7.05
1,2,female,35.0,0,0,21.0,S,Second,woman,False,C,Southampton,yes,True,1,0,21.0
0,3,male,22.0,0,0,7.25,S,Third,man,True,C,Southampton,no,True,1,0,7.25
0,2,male,30.0,0,0,13.0,S,Second,man,True,C,Southampton,no,True,1,0,13.0
0,3,male,28.0,1,0,7.75,Q,Third,man,True,C,Queenstown,no,False,2,0,3.875
1,1,female,31.0,1,0,113.275,C,First,woman,False,D,Cherbourg,yes,False,2,0,56.6375
1,3,female,27.0,0,0,7.925,S,Third,woman,False,C,Southampton,yes,True,1,0,7.925
0,2,male,42.0,1,0,27.0,S,Second,man,True,C,Southampton,no,False,2,0,13.5
1,1,female,32.0,0,0,76.2917,C,First,woman,False,D,Cherbourg,yes,True,1,0,76.2917
0,2,male,30.0,0,0,10.5,S,Second,man,True,C,Southampton,no,True,1,0,10.5
1,3,male,16.0,0,0,8.05,S,Third,man,True,C,Southampton,yes,True,1,1,8.05
0,2,male,27.0,0,0,13.0,S,Second,man,True,C,Southampton,no,True,1,0,13.0
0,3,male,51.0,0,0,8.05,S,Third,man,True,C,Southampton,no,True,1,0,8.05
0,3,male,28.0,0,0,7.8958,S,Third,man,True,C,Southampton,no,True,1,0,7.8958
1,1,male,38.0,1,0,90.0,S,First,man,True,C,Southampton,yes,False,2,0,45.0
0,3,male,22.0,0,0,9.35,S,Third,man,True,C,Southampton,no,True,1,0,9.35
1,2,male,19.0,0,0,10.5,S,Second,man,True,C,Southampton,yes,True,1,0,10.5
0,3,male,20.5,0,0,7.25,S,Third,man,True,C,Southampton,no,True,1,0,7.25
0,2,male,18.0,0,0,13.0,S,Second,man,True,C,Southampton,no,True,1,0,13.0
0,3,female,28.0,3,1,25.4667,S,Third,woman,False,C,Southampton,no,False,5,0,5.0933399999999995
1,1,female,35.0,1,0,83.475,S,First,woman,False,C,Southampton,yes,False,2,0,41.7375
0,3,male,29.0,0,0,7.775,S,Third,man,True,C,Southampton,no,True,1,0,7.775
0,2,male,59.0,0,0,13.5,S,Second,man,True,C,Southampton,no,True,1,0,13.5
1,3,female,5.0,4,2,31.3875,S,Third,child,False,C,Southampton,yes,False,7,1,4.483928571428572
0,2,male,24.0,0,0,10.5,S,Second,man,True,C,Southampton,no,True,1,0,10.5
0,3,female,28.0,0,0,7.55,S,Third,woman,False,C,Southampton,no,True,1,0,7.55
0,2,male,44.0,1,0,26.0,S,Second,man,True,C,Southampton,no,False,2,0,13.0
1,2,female,8.0,0,2,26.25,S,Second,child,False,C,Southampton,yes,False,3,1,8.75
0,2,male,19.0,0,0,10.5,S,Second,man,True,C,Southampton,no,True,1,0,10.5
0,2,male,33.0,0,0,12.275,S,Second,man,True,C,Southampton,no,True,1,0,12.275
0,3,female,28.0,1,0,14.4542,C,Third,woman,False,C,Cherbourg,no,False,2,0,7.2271
1,3,female,28.0,1,0,15.5,Q,Third,woman,False,C,Queenstown,yes,False,2,0,7.75
0,2,male,29.0,0,0,10.5,S,Second,man,True,C,Southampton,no,True,1,0,10.5
0,3,male,22.0,0,0,7.125,S,Third,man,True,C,Southampton,no,True,1,0,7.125
0,3,male,30.0,0,0,7.225,C,Third,man,True,C,Cherbourg,no,True,1,0,7.225
0,1,male,44.0,2,0,90.0,Q,First,man,True,C,Queenstown,no,False,3,0,30.0
0,3,female,25.0,0,0,7.775,S,Third,woman,False,C,Southampton,no,True,1,0,7.775
1,2,female,24.0,0,2,14.5,S,Second,woman,False,C,Southampton,yes,False,3,0,4.833333333333333
1,1,male,37.0,1,1,52.5542,S,First,man,True,D,Southampton,yes,False,3,0,17.518066666666666
0,2,male,54.0,1,0,26.0,S,Second,man,True,C,Southampton,no,False,2,0,13.0
0,3,male,28.0,0,0,7.25,S,Third,man,True,C,Southampton,no,True,1,0,7.25
0,3,female,29.0,1,1,10.4625,S,Third,woman,False,G,Southampton,no,False,3,0,3.4875000000000003
0,1,male,62.0,0,0,26.55,S,First,man,True,C,Southampton,no,True,1,0,26.55
0,3,male,30.0,1,0,16.1,S,Third,man,True,C,Southampton,no,False,2,0,8.05
0,3,female,41.0,0,2,20.2125,S,Third,woman,False,C,Southampton,no,False,3,0,6.7375
1,3,female,29.0,0,2,15.2458,C,Third,woman,False,C,Cherbourg,yes,False,3,0,5.081933333333333
1,1,female,28.0,0,0,79.2,C,First,woman,False,C,Cherbourg,yes,True,1,0,79.2
1,1,female,30.0,0,0,86.5,S,First,woman,False,B,Southampton,yes,True,1,0,86.5
1,1,female,35.0,0,0,512.3292,C,First,woman,False,C,Cherbourg,yes,True,1,0,512.3292
1,2,female,50.0,0,1,26.0,S,Second,woman,False,C,Southampton,yes,False,2,0,13.0
0,3,male,28.0,0,0,7.75,Q,Third,man,True,C,Queenstown,no,True,1,0,7.75
1,3,male,3.0,4,2,31.3875,S,Third,child,False,C,Southampton,yes,False,7,1,4.483928571428572
0,1,male,52.0,1,1,79.65,S,First,man,True,E,Southampton,no,False,3,0,26.55
0,1,male,40.0,0,0,0.0,S,First,man,True,B,Southampton,no,True,1,0,0.0
0,3,female,28.0,0,0,7.75,Q,Third,woman,False,C,Queenstown,no,True,1,0,7.75
0,2,male,36.0,0,0,10.5,S,Second,man,True,C,Southampton,no,True,1,0,10.5
0,3,male,16.0,4,1,39.6875,S,Third,man,True,C,Southampton,no,False,6,1,6.614583333333333
1,3,male,25.0,1,0,7.775,S,Third,man,True,C,Southampton,yes,False,2,0,3.8875
1,1,female,58.0,0,1,153.4625,S,First,woman,False,C,Southampton,yes,False,2,0,76.73125
1,1,female,35.0,0,0,135.6333,S,First,woman,False,C,Southampton,yes,True,1,0,135.6333
0,1,male,28.0,0,0,31.0,S,First,man,True,C,Southampton,no,True,1,0,31.0
1,3,male,25.0,0,0,0.0,S,Third,man,True,C,Southampton,yes,True,1,0,0.0
1,2,female,41.0,0,1,19.5,S,Second,woman,False,C,Southampton,yes,False,2,0,9.75
0,1,male,37.0,0,1,29.7,C,First,man,True,C,Cherbourg,no,False,2,0,14.85
1,3,female,28.0,0,0,7.75,Q,Third,woman,False,C,Queenstown,yes,True,1,0,7.75
1,1,female,63.0,1,0,77.9583,S,First,woman,False,D,Southampton,yes,False,2,0,38.97915
0,3,female,45.0,0,0,7.75,S,Third,woman,False,C,Southampton,no,True,1,0,7.75
0,2,male,28.0,0,0,0.0,S,Second,man,True,C,Southampton,no,True,1,0,0.0
0,3,male,7.0,4,1,29.125,Q,Third,child,False,C,Queenstown,no,False,6,1,4.854166666666667
1,3,female,35.0,1,1,20.25,S,Third,woman,False,C,Southampton,yes,False,3,0,6.75
0,3,male,65.0,0,0,7.75,Q,Third,man,True,C,Queenstown,no,True,1,0,7.75
0,3,male,28.0,0,0,7.8542,S,Third,man,True,C,Southampton,no,True,1,0,7.8542
0,3,male,16.0,0,0,9.5,S,Third,man,True,C,Southampton,no,True,1,1,9.5
1,3,male,19.0,0,0,8.05,S,Third,man,True,C,Southampton,yes,True,1,0,8.05
0,1,male,28.0,0,0,26.0,S,First,man,True,A,Southampton,no,True,1,0,26.0
0,3,male,33.0,0,0,8.6625,C,Third,man,True,C,Cherbourg,no,True,1,0,8.6625
1,3,male,30.0,0,0,9.5,S,Third,man,True,C,Southampton,yes,True,1,0,9.5
0,3,male,22.0,0,0,7.8958,S,Third,man,True,C,Southampton,no,True,1,0,7.8958
1,2,male,42.0,0,0,13.0,S,Second,man,True,C,Southampton,yes,True,1,0,13.0
1,3,female,22.0,0,0,7.75,Q,Third,woman,False,C,Queenstown,yes,True,1,0,7.75
1,1,female,26.0,0,0,78.85,S,First,woman,False,C,Southampton,yes,True,1,0,78.85
1,1,female,19.0,1,0,91.0792,C,First,woman,False,B,Cherbourg,yes,False,2,0,45.5396
0,2,male,36.0,0,0,12.875,C,Second,man,True,D,Cherbourg,no,True,1,0,12.875
0,3,female,24.0,0,0,8.85,S,Third,woman,False,C,Southampton,no,True,1,0,8.85
0,3,male,24.0,0,0,7.8958,S,Third,man,True,C,Southampton,no,True,1,0,7.8958
0,1,male,28.0,0,0,27.7208,C,First,man,True,C,Cherbourg,no,True,1,0,27.7208
0,3,male,23.5,0,0,7.2292,C,Third,man,True,C,Cherbourg,no,True,1,0,7.2292
0,1,female,2.0,1,2,151.55,S,First,child,False,C,Southampton,no,False,4,1,37.8875
1,1,male,28.0,0,0,30.5,S,First,man,True,C,Southampton,yes,True,1,0,30.5
1,1,female,50.0,0,1,247.5208,C,First,woman,False,B,Cherbourg,yes,False,2,0,123.7604
1,3,female,28.0,0,0,7.75,Q,Third,woman,False,C,Queenstown,yes,True,1,0,7.75
1,3,male,28.0,2,0,23.25,Q,Third,man,True,C,Queenstown,yes,False,3,0,7.75
0,3,male,19.0,0,0,0.0,S,Third,man,True,C,Southampton,no,True,1,0,0.0
1,2,female,28.0,0,0,12.35,Q,Second,woman,False,E,Queenstown,yes,True,1,0,12.35
0,3,male,28.0,0,0,8.05,S,Third,man,True,C,Southampton,no,True,1,0,8.05
1,1,male,0.92,1,2,151.55,S,First,child,False,C,Southampton,yes,False,4,1,37.8875
1,1,female,28.0,0,0,110.8833,C,First,woman,False,C,Cherbourg,yes,True,1,0,110.8833
1,1,female,17.0,1,0,108.9,C,First,woman,False,C,Cherbourg,yes,False,2,1,54.45
0,2,male,30.0,1,0,24.0,C,Second,man,True,C,Cherbourg,no,False,2,0,12.0
1,1,female,30.0,0,0,56.9292,C,First,woman,False,E,Cherbourg,yes,True,1,0,56.9292
1,1,female,24.0,0,0,83.1583,C,First,woman,False,C,Cherbourg,yes,True,1,0,83.1583
1,1,female,18.0,2,2,262.375,C,First,woman,False,B,Cherbourg,yes,False,5,0,52.475
0,2,female,26.0,1,1,26.0,S,Second,woman,False,C,Southampton,no,False,3,0,8.666666666666666
0,3,male,28.0,0,0,7.8958,S,Third,man,True,C,Southampton,no,True,1,0,7.8958
0,2,male,43.0,1,1,26.25,S,Second,man,True,C,Southampton,no,False,3,0,8.75
1,3,female,26.0,0,0,7.8542,S,Third,woman,False,C,Southampton,yes,True,1,0,7.8542
1,2,female,24.0,1,0,26.0,S,Second,woman,False,C,Southampton,yes,False,2,0,13.0
0,2,male,54.0,0,0,14.0,S,Second,man,True,C,Southampton,no,True,1,0,14.0
1,1,female,31.0,0,2,164.8667,S,First,woman,False,C,Southampton,yes,False,3,0,54.95556666666667
1,1,female,40.0,1,1,134.5,C,First,woman,False,E,Cherbourg,yes,False,3,0,44.833333333333336
0,3,male,22.0,0,0,7.25,S,Third,man,True,C,Southampton,no,True,1,0,7.25
0,3,male,27.0,0,0,7.8958,S,Third,man,True,C,Southampton,no,True,1,0,7.8958
1,2,female,30.0,0,0,12.35,Q,Second,woman,False,C,Queenstown,yes,True,1,0,12.35
1,2,female,22.0,1,1,29.0,S,Second,woman,False,C,Southampton,yes,False,3,0,9.666666666666666
0,3,male,28.0,8,2,69.55,S,Third,man,True,C,Southampton,no,False,11,0,6.322727272727272
1,1,female,36.0,0,0,135.6333,C,First,woman,False,C,Cherbourg,yes,True,1,0,135.6333
0,3,male,61.0,0,0,6.2375,S,Third,man,True,C,Southampton,no,True,1,0,6.2375
1,2,female,36.0,0,0,13.0,S,Second,woman,False,D,Southampton,yes,True,1,0,13.0
1,3,female,31.0,1,1,20.525,S,Third,woman,False,C,Southampton,yes,False,3,0,6.841666666666666
1,1,female,16.0,0,1,57.9792,C,First,woman,False,B,Cherbourg,yes,False,2,1,28.9896
1,3,female,28.0,2,0,23.25,Q,Third,woman,False,C,Queenstown,yes,False,3,0,7.75
0,1,male,45.5,0,0,28.5,S,First,man,True,C,Southampton,no,True,1,0,28.5
0,1,male,38.0,0,1,153.4625,S,First,man,True,C,Southampton,no,False,2,0,76.73125
0,3,male,16.0,2,0,18.0,S,Third,man,True,C,Southampton,no,False,3,1,6.0
1,1,female,28.0,1,0,133.65,S,First,woman,False,C,Southampton,yes,False,2,0,66.825
0,3,male,28.0,0,0,7.8958,S,Third,man,True,C,Southampton,no,True,1,0,7.8958
0,1,male,29.0,1,0,66.6,S,First,man,True,C,Southampton,no,False,2,0,33.3
1,1,female,41.0,0,0,134.5,C,First,woman,False,E,Cherbourg,yes,True,1,0,134.5
1,3,male,45.0,0,0,8.05,S,Third,man,True,C,Southampton,yes,True,1,0,8.05
0,1,male,45.0,0,0,35.5,S,First,man,True,C,Southampton,no,True,1,0,35.5
1,2,male,2.0,1,1,26.0,S,Second,child,False,F,Southampton,yes,False,3,1,8.666666666666666
1,1,female,24.0,3,2,263.0,S,First,woman,False,C,Southampton,yes,False,6,0,43.833333333333336
0,2,male,28.0,0,0,13.0,S,Second,man,True,C,Southampton,no,True,1,0,13.0
0,2,male,25.0,0,0,13.0,S,Second,man,True,C,Southampton,no,True,1,0,13.0
0,2,male,36.0,0,0,13.0,S,Second,man,True,C,Southampton,no,True,1,0,13.0
1,2,female,24.0,0,0,13.0,S,Second,woman,False,F,Southampton,yes,True,1,0,13.0
1,2,female,40.0,0,0,13.0,S,Second,woman,False,C,Southampton,yes,True,1,0,13.0
1,3,female,28.0,1,0,16.1,S,Third,woman,False,C,Southampton,yes,False,2,0,8.05
1,3,male,3.0,1,1,15.9,S,Third,child,False,C,Southampton,yes,False,3,1,5.3
0,3,male,42.0,0,0,8.6625,S,Third,man,True,C,Southampton,no,True,1,0,8.6625
0,3,male,23.0,0,0,9.225,S,Third,man,True,C,Southampton,no,True,1,0,9.225
0,1,male,28.0,0,0,35.0,S,First,man,True,C,Southampton,no,True,1,0,35.0
0,3,male,15.0,1,1,7.2292,C,Third,child,False,C,Cherbourg,no,False,3,1,2.409733333333333
0,3,male,25.0,1,0,17.8,S,Third,man,True,C,Southampton,no,False,2,0,8.9
0,3,male,28.0,0,0,7.225,C,Third,man,True,C,Cherbourg,no,True,1,0,7.225
0,3,male,28.0,0,0,9.5,S,Third,man,True,C,Southampton,no,True,1,0,9.5
1,1,female,22.0,0,1,55.0,S,First,woman,False,E,Southampton,yes,False,2,0,27.5
0,2,female,38.0,0,0,13.0,S,Second,woman,False,C,Southampton,no,True,1,0,13.0
1,3,female,28.0,0,0,7.8792,Q,Third,woman,False,C,Queenstown,yes,True,1,0,7.8792
1,3,female,28.0,0,0,7.8792,Q,Third,woman,False,C,Queenstown,yes,True,1,0,7.8792
0,3,male,40.0,1,4,27.9,S,Third,man,True,C,Southampton,no,False,6,0,4.6499999999999995
0,2,male,29.0,1,0,27.7208,C,Second,man,True,C,Cherbourg,no,False,2,0,13.8604
0,3,female,45.0,0,1,14.4542,C,Third,woman,False,C,Cherbourg,no,False,2,0,7.2271
0,3,male,35.0,0,0,7.05,S,Third,man,True,C,Southampton,no,True,1,0,7.05
0,3,male,28.0,1,0,15.5,Q,Third,man,True,C,Queenstown,no,False,2,0,7.75
0,3,male,30.0,0,0,7.25,S,Third,man,True,C,Southampton,no,True,1,0,7.25
1,1,female,60.0,1,0,75.25,C,First,woman,False,D,Cherbourg,yes,False,2,0,37.625
1,3,female,28.0,0,0,7.2292,C,Third,woman,False,C,Cherbourg,yes,True,1,0,7.2292
1,3,female,28.0,0,0,7.75,Q,Third,woman,False,C,Queenstown,yes,True,1,0,7.75
1,1,female,24.0,0,0,69.3,C,First,woman,False,B,Cherbourg,yes,True,1,0,69.3
1,1,male,25.0,1,0,55.4417,C,First,man,True,E,Cherbourg,yes,False,2,0,27.72085
0,3,male,18.0,1,0,6.4958,S,Third,man,True,C,Southampton,no,False,2,0,3.2479
0,3,male,19.0,0,0,8.05,S,Third,man,True,C,Southampton,no,True,1,0,8.05
0,1,male,22.0,0,0,135.6333,C,First,man,True,C,Cherbourg,no,True,1,0,135.6333
0,3,female,3.0,3,1,21.075,S,Third,child,False,C,Southampton,no,False,5,1,4.215
1,1,female,28.0,1,0,82.1708,C,First,woman,False,C,Cherbourg,yes,False,2,0,41.0854
1,3,female,22.0,0,0,7.25,S,Third,woman,False,C,Southampton,yes,True,1,0,7.25
0,1,male,27.0,0,2,211.5,C,First,man,True,C,Cherbourg,no,False,3,0,70.5
0,3,male,20.0,0,0,4.0125,C,Third,man,True,C,Cherbourg,no,True,1,0,4.0125
0,3,male,19.0,0,0,7.775,S,Third,man,True,C,Southampton,no,True,1,0,7.775
1,1,female,42.0,0,0,227.525,C,First,woman,False,C,Cherbourg,yes,True,1,0,227.525
1,3,female,1.0,0,2,15.7417,C,Third,child,False,C,Cherbourg,yes,False,3,1,5.247233333333333
0,3,male,32.0,0,0,7.925,S,Third,man,True,C,Southampton,no,True,1,0,7.925
1,1,female,35.0,1,0,52.0,S,First,woman,False,C,Southampton,yes,False,2,0,26.0
0,3,male,28.0,0,0,7.8958,S,Third,man,True,C,Southampton,no,True,1,0,7.8958
0,2,male,18.0,0,0,73.5,S,Second,man,True,C,Southampton,no,True,1,0,73.5
0,3,male,1.0,5,2,46.9,S,Third,child,False,C,Southampton,no,False,8,1,5.8625
1,2,female,36.0,0,0,13.0,S,Second,woman,False,C,Southampton,yes,True,1,0,13.0
0,3,male,28.0,0,0,7.7292,Q,Third,man,True,C,Queenstown,no,True,1,0,7.7292
1,2,female,17.0,0,0,12.0,C,Second,woman,False,C,Cherbourg,yes,True,1,1,12.0
1,1,male,36.0,1,2,120.0,S,First,man,True,B,Southampton,yes,False,4,0,30.0
1,3,male,21.0,0,0,7.7958,S,Third,man,True,C,Southampton,yes,True,1,0,7.7958
0,3,male,28.0,2,0,7.925,S,Third,man,True,C,Southampton,no,False,3,0,2.6416666666666666
1,1,female,23.0,1,0,113.275,C,First,woman,False,D,Cherbourg,yes,False,2,0,56.6375
1,3,female,24.0,0,2,16.7,S,Third,woman,False,G,Southampton,yes,False,3,0,5.566666666666666
0,3,male,22.0,0,0,7.7958,S,Third,man,True,C,Southampton,no,True,1,0,7.7958
0,3,female,31.0,0,0,7.8542,S,Third,woman,False,C,Southampton,no,True,1,0,7.8542
0,2,male,46.0,0,0,26.0,S,Second,man,True,C,Southampton,no,True,1,0,26.0
0,2,male,23.0,0,0,10.5,S,Second,man,True,C,Southampton,no,True,1,0,10.5
1,2,female,28.0,0,0,12.65,S,Second,woman,False,C,Southampton,yes,True,1,0,12.65
1,3,male,39.0,0,0,7.925,S,Third,man,True,C,Southampton,yes,True,1,0,7.925
0,3,male,26.0,0,0,8.05,S,Third,man,True,C,Southampton,no,True,1,0,8.05
0,3,female,21.0,1,0,9.825,S,Third,woman,False,C,Southampton,no,False,2,0,4.9125
0,3,male,28.0,1,0,15.85,S,Third,man,True,C,Southampton,no,False,2,0,7.925
0,3,female,20.0,0,0,8.6625,S,Third,woman,False,C,Southampton,no,True,1,0,8.6625
0,2,male,34.0,1,0,21.0,S,Second,man,True,C,Southampton,no,False,2,0,10.5
0,3,male,51.0,0,0,7.75,S,Third,man,True,C,Southampton,no,True,1,0,7.75
1,2,male,3.0,1,1,18.75,S,Second,child,False,C,Southampton,yes,False,3,1,6.25
0,3,male,21.0,0,0,7.775,S,Third,man,True,C,Southampton,no,True,1,0,7.775
0,3,female,28.0,3,1,25.4667,S,Third,woman,False,C,Southampton,no,False,5,0,5.0933399999999995
0,3,male,28.0,0,0,7.8958,S,Third,man,True,C,Southampton,no,True,1,0,7.8958
0,3,male,28.0,0,0,6.8583,Q,Third,man,True,C,Queenstown,no,True,1,0,6.8583
1,1,female,33.0,1,0,90.0,Q,First,woman,False,C,Queenstown,yes,False,2,0,45.0
0,2,male,28.0,0,0,0.0,S,Second,man,True,C,Southampton,no,True,1,0,0.0
1,3,male,44.0,0,0,7.925,S,Third,man,True,C,Southampton,yes,True,1,0,7.925
0,3,female,28.0,0,0,8.05,S,Third,woman,False,C,Southampton,no,True,1,0,8.05
1,2,female,34.0,1,1,32.5,S,Second,woman,False,C,Southampton,yes,False,3,0,10.833333333333334
1,2,female,18.0,0,2,13.0,S,Second,woman,False,C,Southampton,yes,False,3,0,4.333333333333333
0,2,male,30.0,0,0,13.0,S,Second,man,True,C,Southampton,no,True,1,0,13.0
0,3,female,10.0,0,2,24.15,S,Third,child,False,C,Southampton,no,False,3,1,8.049999999999999
0,3,male,28.0,0,0,7.8958,C,Third,man,True,C,Cherbourg,no,True,1,0,7.8958
0,3,male,21.0,0,0,7.7333,Q,Third,man,True,C,Queenstown,no,True,1,0,7.7333
0,3,male,29.0,0,0,7.875,S,Third,man,True,C,Southampton,no,True,1,0,7.875
0,3,female,28.0,1,1,14.4,S,Third,woman,False,C,Southampton,no,False,3,0,4.8
0,3,male,18.0,1,1,20.2125,S,Third,man,True,C,Southampton,no,False,3,0,6.7375
0,3,male,28.0,0,0,7.25,S,Third,man,True,C,Southampton,no,True,1,0,7.25
1,2,female,28.0,1,0,26.0,S,Second,woman,False,C,Southampton,yes,False,2,0,13.0
1,2,female,19.0,0,0,26.0,S,Second,woman,False,C,Southampton,yes,True,1,0,26.0
0,3,male,28.0,0,0,7.75,Q,Third,man,True,C,Queenstown,no,True,1,0,7.75
1,3,male,32.0,0,0,8.05,S,Third,man,True,E,Southampton,yes,True,1,0,8.05
1,1,male,28.0,0,0,26.55,S,First,man,True,C,Southampton,yes,True,1,0,26.55
1,3,female,28.0,1,0,16.1,S,Third,woman,False,C,Southampton,yes,False,2,0,8.05
1,2,female,42.0,1,0,26.0,S,Second,woman,False,C,Southampton,yes,False,2,0,13.0
0,3,male,17.0,0,0,7.125,S,Third,man,True,C,Southampton,no,True,1,1,7.125
0,1,male,50.0,1,0,55.9,S,First,man,True,E,Southampton,no,False,2,0,27.95
1,1,female,14.0,1,2,120.0,S,First,child,False,B,Southampton,yes,False,4,1,30.0
0,3,female,21.0,2,2,34.375,S,Third,woman,False,C,Southampton,no,False,5,0,6.875
1,2,female,24.0,2,3,18.75,S,Second,woman,False,C,Southampton,yes,False,6,0,3.125
0,1,male,64.0,1,4,263.0,S,First,man,True,C,Southampton,no,False,6,0,43.833333333333336
0,2,male,31.0,0,0,10.5,S,Second,man,True,C,Southampton,no,True,1,0,10.5
1,2,female,45.0,1,1,26.25,S,Second,woman,False,C,Southampton,yes,False,3,0,8.75
0,3,male,20.0,0,0,9.5,S,Third,man,True,C,Southampton,no,True,1,0,9.5
0,3,male,25.0,1,0,7.775,S,Third,man,True,C,Southampton,no,False,2,0,3.8875
1,2,female,28.0,0,0,13.0,S,Second,woman,False,C,Southampton,yes,True,1,0,13.0
1,3,male,28.0,0,0,8.1125,S,Third,man,True,C,Southampton,yes,True,1,0,8.1125
1,1,male,4.0,0,2,81.8583,S,First,child,False,A,Southampton,yes,False,3,1,27.2861
1,2,female,13.0,0,1,19.5,S,Second,child,False,C,Southampton,yes,False,2,1,9.75
1,1,male,34.0,0,0,26.55,S,First,man,True,C,Southampton,yes,True,1,0,26.55
1,3,female,5.0,2,1,19.2583,C,Third,child,False,C,Cherbourg,yes,False,4,1,4.814575
1,1,male,52.0,0,0,30.5,S,First,man,True,C,Southampton,yes,True,1,0,30.5
0,2,male,36.0,1,2,27.75,S,Second,man,True,C,Southampton,no,False,4,0,6.9375
0,3,male,28.0,1,0,19.9667,S,Third,man,True,C,Southampton,no,False,2,0,9.98335
0,1,male,30.0,0,0,27.75,C,First,man,True,C,Cherbourg,no,True,1,0,27.75
1,1,male,49.0,1,0,89.1042,C,First,man,True,C,Cherbourg,yes,False,2,0,44.5521
0,3,male,28.0,0,0,8.05,S,Third,man,True,C,Southampton,no,True,1,0,8.05
1,3,male,29.0,0,0,7.8958,C,Third,man,True,C,Cherbourg,yes,True,1,0,7.8958
0,1,male,65.0,0,0,26.55,S,First,man,True,E,Southampton,no,True,1,0,26.55
1,1,female,28.0,1,0,51.8625,S,First,woman,False,D,Southampton,yes,False,2,0,25.93125
1,2,female,50.0,0,0,10.5,S,Second,woman,False,C,Southampton,yes,True,1,0,10.5
0,3,male,28.0,0,0,7.75,Q,Third,man,True,C,Queenstown,no,True,1,0,7.75
1,1,male,48.0,0,0,26.55,S,First,man,True,E,Southampton,yes,True,1,0,26.55
0,3,male,34.0,0,0,8.05,S,Third,man,True,C,Southampton,no,True,1,0,8.05
0,1,male,47.0,0,0,38.5,S,First,man,True,E,Southampton,no,True,1,0,38.5
0,2,male,48.0,0,0,13.0,S,Second,man,True,C,Southampton,no,True,1,0,13.0
0,3,male,28.0,0,0,8.05,S,Third,man,True,C,Southampton,no,True,1,0,8.05
0,3,male,38.0,0,0,7.05,S,Third,man,True,C,Southampton,no,True,1,0,7.05
0,2,male,28.0,0,0,0.0,S,Second,man,True,C,Southampton,no,True,1,0,0.0
0,1,male,56.0,0,0,26.55,S,First,man,True,C,Southampton,no,True,1,0,26.55
0,3,male,28.0,0,0,7.725,Q,Third,man,True,C,Queenstown,no,True,1,0,7.725
1,3,female,0.75,2,1,19.2583,C,Third,child,False,C,Cherbourg,yes,False,4,1,4.814575
0,3,male,28.0,0,0,7.25,S,Third,man,True,C,Southampton,no,True,1,0,7.25
0,3,male,38.0,0,0,8.6625,S,Third,man,True,C,Southampton,no,True,1,0,8.6625
1,2,female,33.0,1,2,27.75,S,Second,woman,False,C,Southampton,yes,False,4,0,6.9375
1,2,female,23.0,0,0,13.7917,C,Second,woman,False,D,Cherbourg,yes,True,1,0,13.7917
0,3,female,22.0,0,0,9.8375,S,Third,woman,False,C,Southampton,no,True,1,0,9.8375
0,1,male,28.0,0,0,52.0,S,First,man,True,A,Southampton,no,True,1,0,52.0
0,2,male,34.0,1,0,21.0,S,Second,man,True,C,Southampton,no,False,2,0,10.5
0,3,male,29.0,1,0,7.0458,S,Third,man,True,C,Southampton,no,False,2,0,3.5229
0,3,male,22.0,0,0,7.5208,S,Third,man,True,C,Southampton,no,True,1,0,7.5208
1,3,female,2.0,0,1,12.2875,S,Third,child,False,C,Southampton,yes,False,2,1,6.14375
0,3,male,9.0,5,2,46.9,S,Third,child,False,C,Southampton,no,False,8,1,5.8625
0,2,male,28.0,0,0,0.0,S,Second,man,True,C,Southampton,no,True,1,0,0.0
0,3,male,50.0,0,0,8.05,S,Third,man,True,C,Southampton,no,True,1,0,8.05
1,3,female,63.0,0,0,9.5875,S,Third,woman,False,C,Southampton,yes,True,1,0,9.5875
1,1,male,25.0,1,0,91.0792,C,First,man,True,B,Cherbourg,yes,False,2,0,45.5396
0,3,female,28.0,3,1,25.4667,S,Third,woman,False,C,Southampton,no,False,5,0,5.0933399999999995
1,1,female,35.0,1,0,90.0,S,First,woman,False,C,Southampton,yes,False,2,0,45.0
0,1,male,58.0,0,0,29.7,C,First,man,True,B,Cherbourg,no,True,1,0,29.7
0,3,male,30.0,0,0,8.05,S,Third,man,True,C,Southampton,no,True,1,0,8.05
1,3,male,9.0,1,1,15.9,S,Third,child,False,C,Southampton,yes,False,3,1,5.3
0,3,male,28.0,1,0,19.9667,S,Third,man,True,C,Southampton,no,False,2,0,9.98335
0,3,male,21.0,0,0,7.25,S,Third,man,True,C,Southampton,no,True,1,0,7.25
0,1,male,55.0,0,0,30.5,S,First,man,True,C,Southampton,no,True,1,0,30.5
0,1,male,71.0,0,0,49.5042,C,First,man,True,C,Cherbourg,no,True,1,0,49.5042
0,3,male,21.0,0,0,8.05,S,Third,man,True,C,Southampton,no,True,1,0,8.05
0,3,male,28.0,0,0,14.4583,C,Third,man,True,C,Cherbourg,no,True,1,0,14.4583
1,1,female,54.0,1,0,78.2667,C,First,woman,False,D,Cherbourg,yes,False,2,0,39.13335
0,3,male,28.0,0,0,15.1,S,Third,man,True,C,Southampton,no,True,1,0,15.1
0,1,female,25.0,1,2,151.55,S,First,woman,False,C,Southampton,no,False,4,0,37.8875
0,3,male,24.0,0,0,7.7958,S,Third,man,True,C,Southampton,no,True,1,0,7.7958
0,3,male,17.0,0,0,8.6625,S,Third,man,True,C,Southampton,no,True,1,1,8.6625
0,3,female,21.0,0,0,7.75,Q,Third,woman,False,C,Queenstown,no,True,1,0,7.75
0,3,female,28.0,0,0,7.6292,Q,Third,woman,False,C,Queenstown,no,True,1,0,7.6292
0,3,female,37.0,0,0,9.5875,S,Third,woman,False,C,Southampton,no,True,1,0,9.5875
1,1,female,16.0,0,0,86.5,S,First,woman,False,B,Southampton,yes,True,1,1,86.5
0,1,male,18.0,1,0,108.9,C,First,man,True,C,Cherbourg,no,False,2,0,54.45
1,2,female,33.0,0,2,26.0,S,Second,woman,False,C,Southampton,yes,False,3,0,8.666666666666666
1,1,male,28.0,0,0,26.55,S,First,man,True,C,Southampton,yes,True,1,0,26.55
0,3,male,28.0,0,0,22.525,S,Third,man,True,C,Southampton,no,True,1,0,22.525
1,3,male,26.0,0,0,56.4958,S,Third,man,True,C,Southampton,yes,True,1,0,56.4958
1,3,male,29.0,0,0,7.75,Q,Third,man,True,C,Queenstown,yes,True,1,0,7.75
0,3,male,28.0,0,0,8.05,S,Third,man,True,C,Southampton,no,True,1,0,8.05
1,1,male,36.0,0,0,26.2875,S,First,man,True,E,Southampton,yes,True,1,0,26.2875
1,1,female,54.0,1,0,59.4,C,First,woman,False,C,Cherbourg,yes,False,2,0,29.7
0,3,male,24.0,0,0,7.4958,S,Third,man,True,C,Southampton,no,True,1,0,7.4958
0,1,male,47.0,0,0,34.0208,S,First,man,True,D,Southampton,no,True,1,0,34.0208
1,2,female,34.0,0,0,10.5,S,Second,woman,False,F,Southampton,yes,True,1,0,10.5
0,3,male,28.0,0,0,24.15,Q,Third,man,True,C,Queenstown,no,True,1,0,24.15
1,2,female,36.0,1,0,26.0,S,Second,woman,False,C,Southampton,yes,False,2,0,13.0
0,3,male,32.0,0,0,7.8958,S,Third,man,True,C,Southampton,no,True,1,0,7.8958
1,1,female,30.0,0,0,93.5,S,First,woman,False,B,Southampton,yes,True,1,0,93.5
0,3,male,22.0,0,0,7.8958,S,Third,man,True,C,Southampton,no,True,1,0,7.8958
0,3,male,28.0,0,0,7.225,C,Third,man,True,C,Cherbourg,no,True,1,0,7.225
1,1,female,44.0,0,1,57.9792,C,First,woman,False,B,Cherbourg,yes,False,2,0,28.9896
0,3,male,28.0,0,0,7.2292,C,Third,man,True,C,Cherbourg,no,True,1,0,7.2292
0,3,male,40.5,0,0,7.75,Q,Third,man,True,C,Queenstown,no,True,1,0,7.75
1,2,female,50.0,0,0,10.5,S,Second,woman,False,C,Southampton,yes,True,1,0,10.5
0,1,male,28.0,0,0,221.7792,S,First,man,True,C,Southampton,no,True,1,0,221.7792
0,3,male,39.0,0,0,7.925,S,Third,man,True,C,Southampton,no,True,1,0,7.925
0,2,male,23.0,2,1,11.5,S,Second,man,True,C,Southampton,no,False,4,0,2.875
1,2,female,2.0,1,1,26.0,S,Second,child,False,C,Southampton,yes,False,3,1,8.666666666666666
0,3,male,28.0,0,0,7.2292,C,Third,man,True,C,Cherbourg,no,True,1,0,7.2292
0,3,male,17.0,1,1,7.2292,C,Third,man,True,C,Cherbourg,no,False,3,1,2.409733333333333
1,3,female,28.0,0,2,22.3583,C,Third,woman,False,C,Cherbourg,yes,False,3,0,7.452766666666666
0,3,female,30.0,0,0,8.6625,S,Third,woman,False,C,Southampton,no,True,1,0,8.6625
1,2,female,7.0,0,2,26.25,S,Second,child,False,C,Southampton,yes,False,3,1,8.75
0,1,male,45.0,0,0,26.55,S,First,man,True,B,Southampton,no,True,1,0,26.55
1,1,female,30.0,0,0,106.425,C,First,woman,False,C,Cherbourg,yes,True,1,0,106.425
0,3,male,28.0,0,0,14.5,S,Third,man,True,C,Southampton,no,True,1,0,14.5
1,1,female,22.0,0,2,49.5,C,First,woman,False,B,Cherbourg,yes,False,3,0,16.5
1,1,female,36.0,0,2,71.0,S,First,woman,False,B,Southampton,yes,False,3,0,23.666666666666668
0,3,female,9.0,4,2,31.275,S,Third,child,False,C,Southampton,no,False,7,1,4.4678571428571425
0,3,female,11.0,4,2,31.275,S,Third,child,False,C,Southampton,no,False,7,1,4.4678571428571425
1,2,male,32.0,1,0,26.0,S,Second,man,True,C,Southampton,yes,False,2,0,13.0
0,1,male,50.0,1,0,106.425,C,First,man,True,C,Cherbourg,no,False,2,0,53.2125
0,1,male,64.0,0,0,26.0,S,First,man,True,C,Southampton,no,True,1,0,26.0
1,2,female,19.0,1,0,26.0,S,Second,woman,False,C,Southampton,yes,False,2,0,13.0
1,2,male,28.0,0,0,13.8625,C,Second,man,True,C,Cherbourg,yes,True,1,0,13.8625
0,3,male,33.0,1,1,20.525,S,Third,man,True,C,Southampton,no,False,3,0,6.841666666666666
1,2,male,8.0,1,1,36.75,S,Second,child,False,C,Southampton,yes,False,3,1,12.25
1,1,male,17.0,0,2,110.8833,C,First,man,True,C,Cherbourg,yes,False,3,1,36.9611
0,2,male,27.0,0,0,26.0,S,Second,man,True,C,Southampton,no,True,1,0,26.0
0,3,male,28.0,0,0,7.8292,Q,Third,man,True,C,Queenstown,no,True,1,0,7.8292
1,3,male,22.0,0,0,7.225,C,Third,man,True,C,Cherbourg,yes,True,1,0,7.225
1,3,female,22.0,0,0,7.775,S,Third,woman,False,C,Southampton,yes,True,1,0,7.775
0,1,male,62.0,0,0,26.55,S,First,man,True,C,Southampton,no,True,1,0,26.55
1,1,female,48.0,1,0,39.6,C,First,woman,False,A,Cherbourg,yes,False,2,0,19.8
0,1,male,28.0,0,0,227.525,C,First,man,True,C,Cherbourg,no,True,1,0,227.525
1,1,female,39.0,1,1,79.65,S,First,woman,False,E,Southampton,yes,False,3,0,26.55
1,3,female,36.0,1,0,17.4,S,Third,woman,False,C,Southampton,yes,False,2,0,8.7
0,3,male,28.0,0,0,7.75,Q,Third,man,True,C,Queenstown,no,True,1,0,7.75
0,3,male,40.0,0,0,7.8958,S,Third,man,True,C,Southampton,no,True,1,0,7.8958
0,2,male,28.0,0,0,13.5,S,Second,man,True,C,Southampton,no,True,1,0,13.5
0,3,male,28.0,0,0,8.05,S,Third,man,True,C,Southampton,no,True,1,0,8.05
0,3,female,28.0,0,0,8.05,S,Third,woman,False,C,Southampton,no,True,1,0,8.05
0,3,male,24.0,2,0,24.15,S,Third,man,True,C,Southampton,no,False,3,0,8.049999999999999
0,3,male,19.0,0,0,7.8958,S,Third,man,True,C,Southampton,no,True,1,0,7.8958
0,3,female,29.0,0,4,21.075,S,Third,woman,False,C,Southampton,no,False,5,0,4.215
0,3,male,28.0,0,0,7.2292,C,Third,man,True,C,Cherbourg,no,True,1,0,7.2292
1,3,male,32.0,0,0,7.8542,S,Third,man,True,C,Southampton,yes,True,1,0,7.8542
1,2,male,62.0,0,0,10.5,S,Second,man,True,C,Southampton,yes,True,1,0,10.5
1,1,female,53.0,2,0,51.4792,S,First,woman,False,C,Southampton,yes,False,3,0,17.15973333333333
1,1,male,36.0,0,0,26.3875,S,First,man,True,E,Southampton,yes,True,1,0,26.3875
1,3,female,28.0,0,0,7.75,Q,Third,woman,False,C,Queenstown,yes,True,1,0,7.75
0,3,male,16.0,0,0,8.05,S,Third,man,True,C,Southampton,no,True,1,1,8.05
0,3,male,19.0,0,0,14.5,S,Third,man,True,C,Southampton,no,True,1,0,14.5
1,2,female,34.0,0,0,13.0,S,Second,woman,False,C,Southampton,yes,True,1,0,13.0
1,1,female,39.0,1,0,55.9,S,First,woman,False,E,Southampton,yes,False,2,0,27.95
0,3,female,28.0,1,0,14.4583,C,Third,woman,False,C,Cherbourg,no,False,2,0,7.22915
1,3,male,32.0,0,0,7.925,S,Third,man,True,C,Southampton,yes,True,1,0,7.925
1,2,female,25.0,1,1,30.0,S,Second,woman,False,C,Southampton,yes,False,3,0,10.0
1,1,female,39.0,1,1,110.8833,C,First,woman,False,C,Cherbourg,yes,False,3,0,36.9611
0,2,male,54.0,0,0,26.0,S,Second,man,True,C,Southampton,no,True,1,0,26.0
0,1,male,36.0,0,0,40.125,C,First,man,True,A,Cherbourg,no,True,1,0,40.125
0,3,male,28.0,0,0,8.7125,C,Third,man,True,C,Cherbourg,no,True,1,0,8.7125
1,1,female,18.0,0,2,79.65,S,First,woman,False,E,Southampton,yes,False,3,0,26.55
0,2,male,47.0,0,0,15.0,S,Second,man,True,C,Southampton,no,True,1,0,15.0
1,1,male,60.0,1,1,79.2,C,First,man,True,B,Cherbourg,yes,False,3,0,26.400000000000002
0,3,male,22.0,0,0,8.05,S,Third,man,True,C,Southampton,no,True,1,0,8.05
0,3,male,28.0,0,0,8.05,S,Third,man,True,C,Southampton,no,True,1,0,8.05
0,3,male,35.0,0,0,7.125,S,Third,man,True,C,Southampton,no,True,1,0,7.125
1,1,female,52.0,1,0,78.2667,C,First,woman,False,D,Cherbourg,yes,False,2,0,39.13335
0,3,male,47.0,0,0,7.25,S,Third,man,True,C,Southampton,no,True,1,0,7.25
0,3,female,28.0,0,2,7.75,Q,Third,woman,False,C,Queenstown,no,False,3,0,2.5833333333333335
0,2,male,37.0,1,0,26.0,S,Second,man,True,C,Southampton,no,False,2,0,13.0
0,3,male,36.0,1,1,24.15,S,Third,man,True,C,Southampton,no,False,3,0,8.049999999999999
1,2,female,28.0,0,0,33.0,S,Second,woman,False,C,Southampton,yes,True,1,0,33.0
0,3,male,49.0,0,0,0.0,S,Third,man,True,C,Southampton,no,True,1,0,0.0
0,3,male,28.0,0,0,7.225,C,Third,man,True,C,Cherbourg,no,True,1,0,7.225
1,1,male,49.0,1,0,56.9292,C,First,man,True,A,Cherbourg,yes,False,2,0,28.4646
1,2,female,24.0,2,1,27.0,S,Second,woman,False,C,Southampton,yes,False,4,0,6.75
0,3,male,28.0,0,0,7.8958,S,Third,man,True,C,Southampton,no,True,1,0,7.8958
0,1,male,28.0,0,0,42.4,S,First,man,True,C,Southampton,no,True,1,0,42.4
0,3,male,44.0,0,0,8.05,S,Third,man,True,C,Southampton,no,True,1,0,8.05
1,1,male,35.0,0,0,26.55,C,First,man,True,C,Cherbourg,yes,True,1,0,26.55
0,3,male,36.0,1,0,15.55,S,Third,man,True,C,Southampton,no,False,2,0,7.775
0,3,male,30.0,0,0,7.8958,S,Third,man,True,C,Southampton,no,True,1,0,7.8958
1,1,male,27.0,0,0,30.5,S,First,man,True,C,Southampton,yes,True,1,0,30.5
1,2,female,22.0,1,2,41.5792,C,Second,woman,False,C,Cherbourg,yes,False,4,0,10.3948
1,1,female,40.0,0,0,153.4625,S,First,woman,False,C,Southampton,yes,True,1,0,153.4625
0,3,female,39.0,1,5,31.275,S,Third,woman,False,C,Southampton,no,False,7,0,4.4678571428571425
0,3,male,28.0,0,0,7.05,S,Third,man,True,C,Southampton,no,True,1,0,7.05
1,3,female,28.0,1,0,15.5,Q,Third,woman,False,C,Queenstown,yes,False,2,0,7.75
0,3,male,28.0,0,0,7.75,Q,Third,man,True,C,Queenstown,no,True,1,0,7.75
0,3,male,35.0,0,0,8.05,S,Third,man,True,C,Southampton,no,True,1,0,8.05
1,2,female,24.0,1,2,65.0,S,Second,woman,False,C,Southampton,yes,False,4,0,16.25
0,3,male,34.0,1,1,14.4,S,Third,man,True,C,Southampton,no,False,3,0,4.8
0,3,female,26.0,1,0,16.1,S,Third,woman,False,C,Southampton,no,False,2,0,8.05
1,2,female,4.0,2,1,39.0,S,Second,child,False,F,Southampton,yes,False,4,1,9.75
0,2,male,26.0,0,0,10.5,S,Second,man,True,C,Southampton,no,True,1,0,10.5
0,3,male,27.0,1,0,14.4542,C,Third,man,True,C,Cherbourg,no,False,2,0,7.2271
1,1,male,42.0,1,0,52.5542,S,First,man,True,D,Southampton,yes,False,2,0,26.2771
1,3,male,20.0,1,1,15.7417,C,Third,man,True,C,Cherbourg,yes,False,3,0,5.247233333333333
0,3,male,21.0,0,0,7.8542,S,Third,man,True,C,Southampton,no,True,1,0,7.8542
0,3,male,21.0,0,0,16.1,S,Third,man,True,C,Southampton,no,True,1,0,16.1
0,1,male,61.0,0,0,32.3208,S,First,man,True,D,Southampton,no,True,1,0,32.3208
0,2,male,57.0,0,0,12.35,Q,Second,man,True,C,Queenstown,no,True,1,0,12.35
1,1,female,21.0,0,0,77.9583,S,First,woman,False,D,Southampton,yes,True,1,0,77.9583
0,3,male,26.0,0,0,7.8958,S,Third,man,True,C,Southampton,no,True,1,0,7.8958
0,3,male,28.0,0,0,7.7333,Q,Third,man,True,C,Queenstown,no,True,1,0,7.7333
1,1,male,80.0,0,0,30.0,S,First,man,True,A,Southampton,yes,True,1,0,30.0
0,3,male,51.0,0,0,7.0542,S,Third,man,True,C,Southampton,no,True,1,0,7.0542
1,1,male,32.0,0,0,30.5,C,First,man,True,B,Cherbourg,yes,True,1,0,30.5
0,1,male,28.0,0,0,0.0,S,First,man,True,C,Southampton,no,True,1,0,0.0
0,3,female,9.0,3,2,27.9,S,Third,child,False,C,Southampton,no,False,6,1,4.6499999999999995
1,2,female,28.0,0,0,13.0,S,Second,woman,False,C,Southampton,yes,True,1,0,13.0
0,3,male,32.0,0,0,7.925,S,Third,man,True,C,Southampton,no,True,1,0,7.925
0,2,male,31.0,1,1,26.25,S,Second,man,True,C,Southampton,no,False,3,0,8.75
0,3,female,41.0,0,5,39.6875,S,Third,woman,False,C,Southampton,no,False,6,0,6.614583333333333
0,3,male,28.0,1,0,16.1,S,Third,man,True,C,Southampton,no,False,2,0,8.05
0,3,male,20.0,0,0,7.8542,S,Third,man,True,C,Southampton,no,True,1,0,7.8542
1,1,female,24.0,0,0,69.3,C,First,woman,False,B,Cherbourg,yes,True,1,0,69.3
0,3,female,2.0,3,2,27.9,S,Third,child,False,C,Southampton,no,False,6,1,4.6499999999999995
1,3,male,28.0,0,0,56.4958,S,Third,man,True,C,Southampton,yes,True,1,0,56.4958
1,3,female,0.75,2,1,19.2583,C,Third,child,False,C,Cherbourg,yes,False,4,1,4.814575
1,1,male,48.0,1,0,76.7292,C,First,man,True,D,Cherbourg,yes,False,2,0,38.3646
0,3,male,19.0,0,0,7.8958,S,Third,man,True,C,Southampton,no,True,1,0,7.8958
1,1,male,56.0,0,0,35.5,C,First,man,True,A,Cherbourg,yes,True,1,0,35.5
0,3,male,28.0,0,0,7.55,S,Third,man,True,C,Southampton,no,True,1,0,7.55
1,3,female,23.0,0,0,7.55,S,Third,woman,False,C,Southampton,yes,True,1,0,7.55
0,3,male,28.0,0,0,7.8958,S,Third,man,True,C,Southampton,no,True,1,0,7.8958
1,2,female,18.0,0,1,23.0,S,Second,woman,False,C,Southampton,yes,False,2,0,11.5
0,3,male,21.0,0,0,8.4333,S,Third,man,True,C,Southampton,no,True,1,0,8.4333
1,3,female,28.0,0,0,7.8292,Q,Third,woman,False,C,Queenstown,yes,True,1,0,7.8292
0,3,female,18.0,0,0,6.75,Q,Third,woman,False,C,Queenstown,no,True,1,0,6.75
0,2,male,24.0,2,0,73.5,S,Second,man,True,C,Southampton,no,False,3,0,24.5
0,3,male,28.0,0,0,7.8958,S,Third,man,True,C,Southampton,no,True,1,0,7.8958
0,3,female,32.0,1,1,15.5,Q,Third,woman,False,C,Queenstown,no,False,3,0,5.166666666666667
0,2,male,23.0,0,0,13.0,S,Second,man,True,C,Southampton,no,True,1,0,13.0
0,1,male,58.0,0,2,113.275,C,First,man,True,D,Cherbourg,no,False,3,0,37.75833333333333
1,1,male,50.0,2,0,133.65,S,First,man,True,C,Southampton,yes,False,3,0,44.550000000000004
0,3,male,40.0,0,0,7.225,C,Third,man,True,C,Cherbourg,no,True,1,0,7.225
0,1,male,47.0,0,0,25.5875,S,First,man,True,E,Southampton,no,True,1,0,25.5875
0,3,male,36.0,0,0,7.4958,S,Third,man,True,C,Southampton,no,True,1,0,7.4958
1,3,male,20.0,1,0,7.925,S,Third,man,True,C,Southampton,yes,False,2,0,3.9625
0,2,male,32.0,2,0,73.5,S,Second,man,True,C,Southampton,no,False,3,0,24.5
0,2,male,25.0,0,0,13.0,S,Second,man,True,C,Southampton,no,True,1,0,13.0
0,3,male,28.0,0,0,7.775,S,Third,man,True,C,Southampton,no,True,1,0,7.775
0,3,male,43.0,0,0,8.05,S,Third,man,True,C,Southampton,no,True,1,0,8.05
1,1,female,28.0,1,0,52.0,S,First,woman,False,C,Southampton,yes,False,2,0,26.0
1,2,female,40.0,1,1,39.0,S,Second,woman,False,C,Southampton,yes,False,3,0,13.0
0,1,male,31.0,1,0,52.0,S,First,man,True,B,Southampton,no,False,2,0,26.0
0,2,male,70.0,0,0,10.5,S,Second,man,True,C,Southampton,no,True,1,0,10.5
1,2,male,31.0,0,0,13.0,S,Second,man,True,C,Southampton,yes,True,1,0,13.0
0,2,male,28.0,0,0,0.0,S,Second,man,True,C,Southampton,no,True,1,0,0.0
0,3,male,18.0,0,0,7.775,S,Third,man,True,C,Southampton,no,True,1,0,7.775
0,3,male,24.5,0,0,8.05,S,Third,man,True,C,Southampton,no,True,1,0,8.05
1,3,female,18.0,0,0,9.8417,S,Third,woman,False,C,Southampton,yes,True,1,0,9.8417
0,3,female,43.0,1,6,46.9,S,Third,woman,False,C,Southampton,no,False,8,0,5.8625
1,1,male,36.0,0,1,512.3292,C,First,man,True,B,Cherbourg,yes,False,2,0,256.1646
0,3,female,28.0,0,0,8.1375,Q,Third,woman,False,C,Queenstown,no,True,1,0,8.1375
1,1,male,27.0,0,0,76.7292,C,First,man,True,D,Cherbourg,yes,True,1,0,76.7292
0,3,male,20.0,0,0,9.225,S,Third,man,True,C,Southampton,no,True,1,0,9.225
0,3,male,14.0,5,2,46.9,S,Third,child,False,C,Southampton,no,False,8,1,5.8625
0,2,male,60.0,1,1,39.0,S,Second,man,True,C,Southampton,no,False,3,0,13.0
0,2,male,25.0,1,2,41.5792,C,Second,man,True,C,Cherbourg,no,False,4,0,10.3948
0,3,male,14.0,4,1,39.6875,S,Third,child,False,C,Southampton,no,False,6,1,6.614583333333333
0,3,male,19.0,0,0,10.1708,S,Third,man,True,C,Southampton,no,True,1,0,10.1708
0,3,male,18.0,0,0,7.7958,S,Third,man,True,C,Southampton,no,True,1,0,7.7958
1,1,female,15.0,0,1,211.3375,S,First,child,False,B,Southampton,yes,False,2,1,105.66875
1,1,male,31.0,1,0,57.0,S,First,man,True,B,Southampton,yes,False,2,0,28.5
1,3,female,4.0,0,1,13.4167,C,Third,child,False,C,Cherbourg,yes,False,2,1,6.70835
1,3,male,28.0,0,0,56.4958,S,Third,man,True,C,Southampton,yes,True,1,0,56.4958
0,3,male,25.0,0,0,7.225,C,Third,man,True,C,Cherbourg,no,True,1,0,7.225
0,1,male,60.0,0,0,26.55,S,First,man,True,C,Southampton,no,True,1,0,26.55
0,2,male,52.0,0,0,13.5,S,Second,man,True,C,Southampton,no,True,1,0,13.5
0,3,male,44.0,0,0,8.05,S,Third,man,True,C,Southampton,no,True,1,0,8.05
1,3,female,28.0,0,0,7.7333,Q,Third,woman,False,C,Queenstown,yes,True,1,0,7.7333
0,1,male,49.0,1,1,110.8833,C,First,man,True,C,Cherbourg,no,False,3,0,36.9611
0,3,male,42.0,0,0,7.65,S,Third,man,True,F,Southampton,no,True,1,0,7.65
1,1,female,18.0,1,0,227.525,C,First,woman,False,C,Cherbourg,yes,False,2,0,113.7625
1,1,male,35.0,0,0,26.2875,S,First,man,True,E,Southampton,yes,True,1,0,26.2875
0,3,female,18.0,0,1,14.4542,C,Third,woman,False,C,Cherbourg,no,False,2,0,7.2271
0,3,male,25.0,0,0,7.7417,Q,Third,man,True,C,Queenstown,no,True,1,0,7.7417
0,3,male,26.0,1,0,7.8542,S,Third,man,True,C,Southampton,no,False,2,0,3.9271
0,2,male,39.0,0,0,26.0,S,Second,man,True,C,Southampton,no,True,1,0,26.0
1,2,female,45.0,0,0,13.5,S,Second,woman,False,C,Southampton,yes,True,1,0,13.5
1,1,male,42.0,0,0,26.2875,S,First,man,True,E,Southampton,yes,True,1,0,26.2875
1,1,female,22.0,0,0,151.55,S,First,woman,False,C,Southampton,yes,True,1,0,151.55
1,3,male,28.0,1,1,15.2458,C,Third,man,True,C,Cherbourg,yes,False,3,0,5.081933333333333
1,1,female,24.0,0,0,49.5042,C,First,woman,False,C,Cherbourg,yes,True,1,0,49.5042
0,1,male,28.0,0,0,26.55,S,First,man,True,C,Southampton,no,True,1,0,26.55
1,1,male,48.0,1,0,52.0,S,First,man,True,C,Southampton,yes,False,2,0,26.0
0,3,male,29.0,0,0,9.4833,S,Third,man,True,C,Southampton,no,True,1,0,9.4833
0,2,male,52.0,0,0,13.0,S,Second,man,True,C,Southampton,no,True,1,0,13.0
0,3,male,19.0,0,0,7.65,S,Third,man,True,F,Southampton,no,True,1,0,7.65
1,1,female,38.0,0,0,227.525,C,First,woman,False,C,Cherbourg,yes,True,1,0,227.525
1,2,female,27.0,0,0,10.5,S,Second,woman,False,E,Southampton,yes,True,1,0,10.5
0,3,male,28.0,0,0,15.5,Q,Third,man,True,C,Queenstown,no,True,1,0,15.5
0,3,male,33.0,0,0,7.775,S,Third,man,True,C,Southampton,no,True,1,0,7.775
1,2,female,6.0,0,1,33.0,S,Second,child,False,C,Southampton,yes,False,2,1,16.5
0,3,male,17.0,1,0,7.0542,S,Third,man,True,C,Southampton,no,False,2,1,3.5271
0,2,male,34.0,0,0,13.0,S,Second,man,True,C,Southampton,no,True,1,0,13.0
0,2,male,50.0,0,0,13.0,S,Second,man,True,C,Southampton,no,True,1,0,13.0
1,1,male,27.0,1,0,53.1,S,First,man,True,E,Southampton,yes,False,2,0,26.55
0,3,male,20.0,0,0,8.6625,S,Third,man,True,C,Southampton,no,True,1,0,8.6625
1,2,female,30.0,3,0,21.0,S,Second,woman,False,C,Southampton,yes,False,4,0,5.25
1,3,female,28.0,0,0,7.7375,Q,Third,woman,False,C,Queenstown,yes,True,1,0,7.7375
0,2,male,25.0,1,0,26.0,S,Second,man,True,C,Southampton,no,False,2,0,13.0
0,3,female,25.0,1,0,7.925,S,Third,woman,False,C,Southampton,no,False,2,0,3.9625
1,1,female,29.0,0,0,211.3375,S,First,woman,False,B,Southampton,yes,True,1,0,211.3375
0,3,male,11.0,0,0,18.7875,C,Third,child,False,C,Cherbourg,no,True,1,1,18.7875
0,2,male,28.0,0,0,0.0,S,Second,man,True,C,Southampton,no,True,1,0,0.0
0,2,male,23.0,0,0,13.0,S,Second,man,True,C,Southampton,no,True,1,0,13.0
0,2,male,23.0,0,0,13.0,S,Second,man,True,C,Southampton,no,True,1,0,13.0
0,3,male,28.5,0,0,16.1,S,Third,man,True,C,Southampton,no,True,1,0,16.1
0,3,female,48.0,1,3,34.375,S,Third,woman,False,C,Southampton,no,False,5,0,6.875
1,1,male,35.0,0,0,512.3292,C,First,man,True,B,Cherbourg,yes,True,1,0,512.3292
0,3,male,28.0,0,0,7.8958,S,Third,man,True,C,Southampton,no,True,1,0,7.8958
0,3,male,28.0,0,0,7.8958,S,Third,man,True,C,Southampton,no,True,1,0,7.8958
1,1,male,28.0,0,0,30.0,S,First,man,True,D,Southampton,yes,True,1,0,30.0
0,1,male,36.0,1,0,78.85,S,First,man,True,C,Southampton,no,False,2,0,39.425
1,1,female,21.0,2,2,262.375,C,First,woman,False,B,Cherbourg,yes,False,5,0,52.475
0,3,male,24.0,1,0,16.1,S,Third,man,True,C,Southampton,no,False,2,0,8.05
1,3,male,31.0,0,0,7.925,S,Third,man,True,C,Southampton,yes,True,1,0,7.925
0,1,male,70.0,1,1,71.0,S,First,man,True,B,Southampton,no,False,3,0,23.666666666666668
0,3,male,16.0,1,1,20.25,S,Third,man,True,C,Southampton,no,False,3,1,6.75
1,2,female,30.0,0,0,13.0,S,Second,woman,False,C,Southampton,yes,True,1,0,13.0
0,1,male,19.0,1,0,53.1,S,First,man,True,D,Southampton,no,False,2,0,26.55
0,3,male,31.0,0,0,7.75,Q,Third,man,True,C,Queenstown,no,True,1,0,7.75
1,2,female,4.0,1,1,23.0,S,Second,child,False,C,Southampton,yes,False,3,1,7.666666666666667
1,3,male,6.0,0,1,12.475,S,Third,child,False,E,Southampton,yes,False,2,1,6.2375
0,3,male,33.0,0,0,9.5,S,Third,man,True,C,Southampton,no,True,1,0,9.5
0,3,male,23.0,0,0,7.8958,S,Third,man,True,C,Southampton,no,True,1,0,7.8958
1,2,female,48.0,1,2,65.0,S,Second,woman,False,C,Southampton,yes,False,4,0,16.25
1,2,male,0.67,1,1,14.5,S,Second,child,False,C,Southampton,yes,False,3,1,4.833333333333333
0,3,male,28.0,0,0,7.7958,S,Third,man,True,C,Southampton,no,True,1,0,7.7958
0,2,male,18.0,0,0,11.5,S,Second,man,True,C,Southampton,no,True,1,0,11.5
0,3,male,34.0,0,0,8.05,S,Third,man,True,C,Southampton,no,True,1,0,8.05
1,1,female,33.0,0,0,86.5,S,First,woman,False,B,Southampton,yes,True,1,0,86.5
0,3,male,28.0,0,0,14.5,S,Third,man,True,C,Southampton,no,True,1,0,14.5
0,3,male,41.0,0,0,7.125,S,Third,man,True,C,Southampton,no,True,1,0,7.125
1,3,male,20.0,0,0,7.2292,C,Third,man,True,C,Cherbourg,yes,True,1,0,7.2292
1,1,female,36.0,1,2,120.0,S,First,woman,False,B,Southampton,yes,False,4,0,30.0
0,3,male,16.0,0,0,7.775,S,Third,man,True,C,Southampton,no,True,1,1,7.775
1,1,female,51.0,1,0,77.9583,S,First,woman,False,D,Southampton,yes,False,2,0,38.97915
0,1,male,28.0,0,0,39.6,C,First,man,True,C,Cherbourg,no,True,1,0,39.6
0,3,female,30.5,0,0,7.75,Q,Third,woman,False,C,Queenstown,no,True,1,0,7.75
0,3,male,28.0,1,0,24.15,Q,Third,man,True,C,Queenstown,no,False,2,0,12.075
0,3,male,32.0,0,0,8.3625,S,Third,man,True,C,Southampton,no,True,1,0,8.3625
0,3,male,24.0,0,0,9.5,S,Third,man,True,C,Southampton,no,True,1,0,9.5
0,3,male,48.0,0,0,7.8542,S,Third,man,True,C,Southampton,no,True,1,0,7.8542
0,2,female,57.0,0,0,10.5,S,Second,woman,False,E,Southampton,no,True,1,0,10.5
0,3,male,28.0,0,0,7.225,C,Third,man,True,C,Cherbourg,no,True,1,0,7.225
1,2,female,54.0,1,3,23.0,S,Second,woman,False,C,Southampton,yes,False,5,0,4.6
0,3,male,18.0,0,0,7.75,S,Third,man,True,C,Southampton,no,True,1,0,7.75
0,3,male,28.0,0,0,7.75,Q,Third,man,True,F,Queenstown,no,True,1,0,7.75
1,3,female,5.0,0,0,12.475,S,Third,child,False,C,Southampton,yes,True,1,1,12.475
0,3,male,28.0,0,0,7.7375,Q,Third,man,True,C,Queenstown,no,True,1,0,7.7375
1,1,female,43.0,0,1,211.3375,S,First,woman,False,B,Southampton,yes,False,2,0,105.66875
1,3,female,13.0,0,0,7.2292,C,Third,child,False,C,Cherbourg,yes,True,1,1,7.2292
1,1,female,17.0,1,0,57.0,S,First,woman,False,B,Southampton,yes,False,2,1,28.5
0,1,male,29.0,0,0,30.0,S,First,man,True,D,Southampton,no,True,1,0,30.0
0,3,male,28.0,1,2,23.45,S,Third,man,True,C,Southampton,no,False,4,0,5.8625
0,3,male,25.0,0,0,7.05,S,Third,man,True,C,Southampton,no,True,1,0,7.05
0,3,male,25.0,0,0,7.25,S,Third,man,True,C,Southampton,no,True,1,0,7.25
1,3,female,18.0,0,0,7.4958,S,Third,woman,False,C,Southampton,yes,True,1,0,7.4958
0,3,male,8.0,4,1,29.125,Q,Third,child,False,C,Queenstown,no,False,6,1,4.854166666666667
1,3,male,1.0,1,2,20.575,S,Third,child,False,C,Southampton,yes,False,4,1,5.14375
0,1,male,46.0,0,0,79.2,C,First,man,True,B,Cherbourg,no,True,1,0,79.2
0,3,male,28.0,0,0,7.75,Q,Third,man,True,C,Queenstown,no,True,1,0,7.75
0,2,male,16.0,0,0,26.0,S,Second,man,True,C,Southampton,no,True,1,1,26.0
0,3,female,28.0,8,2,69.55,S,Third,woman,False,C,Southampton,no,False,11,0,6.322727272727272
0,1,male,28.0,0,0,30.6958,C,First,man,True,C,Cherbourg,no,True,1,0,30.6958
0,3,male,25.0,0,0,7.8958,S,Third,man,True,C,Southampton,no,True,1,0,7.8958
0,2,male,39.0,0,0,13.0,S,Second,man,True,C,Southampton,no,True,1,0,13.0
1,1,female,49.0,0,0,25.9292,S,First,woman,False,D,Southampton,yes,True,1,0,25.9292
1,3,female,31.0,0,0,8.6833,S,Third,woman,False,C,Southampton,yes,True,1,0,8.6833
0,3,male,30.0,0,0,7.2292,C,Third,man,True,C,Cherbourg,no,True,1,0,7.2292
0,3,female,30.0,1,1,24.15,S,Third,woman,False,C,Southampton,no,False,3,0,8.049999999999999
0,2,male,34.0,0,0,13.0,S,Second,man,True,C,Southampton,no,True,1,0,13.0
1,2,female,31.0,1,1,26.25,S,Second,woman,False,C,Southampton,yes,False,3,0,8.75
1,1,male,11.0,1,2,120.0,S,First,child,False,B,Southampton,yes,False,4,1,30.0
1,3,male,0.42,0,1,8.5167,C,Third,child,False,C,Cherbourg,yes,False,2,1,4.25835
1,3,male,27.0,0,0,6.975,S,Third,man,True,C,Southampton,yes,True,1,0,6.975
0,3,male,31.0,0,0,7.775,S,Third,man,True,C,Southampton,no,True,1,0,7.775
0,1,male,39.0,0,0,0.0,S,First,man,True,A,Southampton,no,True,1,0,0.0
0,3,female,18.0,0,0,7.775,S,Third,woman,False,C,Southampton,no,True,1,0,7.775
0,2,male,39.0,0,0,13.0,S,Second,man,True,C,Southampton,no,True,1,0,13.0
1,1,female,33.0,1,0,53.1,S,First,woman,False,E,Southampton,yes,False,2,0,26.55
0,3,male,26.0,0,0,7.8875,S,Third,man,True,C,Southampton,no,True,1,0,7.8875
0,3,male,39.0,0,0,24.15,S,Third,man,True,C,Southampton,no,True,1,0,24.15
0,2,male,35.0,0,0,10.5,S,Second,man,True,C,Southampton,no,True,1,0,10.5
0,3,female,6.0,4,2,31.275,S,Third,child,False,C,Southampton,no,False,7,1,4.4678571428571425
0,3,male,30.5,0,0,8.05,S,Third,man,True,C,Southampton,no,True,1,0,8.05
0,1,male,28.0,0,0,0.0,S,First,man,True,B,Southampton,no,True,1,0,0.0
0,3,female,23.0,0,0,7.925,S,Third,woman,False,C,Southampton,no,True,1,0,7.925
0,2,male,31.0,1,1,37.0042,C,Second,man,True,C,Cherbourg,no,False,3,0,12.334733333333332
0,3,male,43.0,0,0,6.45,S,Third,man,True,C,Southampton,no,True,1,0,6.45
0,3,male,10.0,3,2,27.9,S,Third,child,False,C,Southampton,no,False,6,1,4.6499999999999995
1,1,female,52.0,1,1,93.5,S,First,woman,False,B,Southampton,yes,False,3,0,31.166666666666668
1,3,male,27.0,0,0,8.6625,S,Third,man,True,C,Southampton,yes,True,1,0,8.6625
0,1,male,38.0,0,0,0.0,S,First,man,True,C,Southampton,no,True,1,0,0.0
1,3,female,27.0,0,1,12.475,S,Third,woman,False,E,Southampton,yes,False,2,0,6.2375
0,3,male,2.0,4,1,39.6875,S,Third,child,False,C,Southampton,no,False,6,1,6.614583333333333
0,3,male,28.0,0,0,6.95,Q,Third,man,True,C,Queenstown,no,True,1,0,6.95
0,3,male,28.0,0,0,56.4958,S,Third,man,True,C,Southampton,no,True,1,0,56.4958
1,2,male,1.0,0,2,37.0042,C,Second,child,False,C,Cherbourg,yes,False,3,1,12.334733333333332
1,3,male,28.0,0,0,7.75,Q,Third,man,True,C,Queenstown,yes,True,1,0,7.75
1,1,female,62.0,0,0,80.0,S,First,woman,False,B,Southampton,yes,True,1,0,80.0
1,3,female,15.0,1,0,14.4542,C,Third,child,False,C,Cherbourg,yes,False,2,1,7.2271
1,2,male,0.83,1,1,18.75,S,Second,child,False,C,Southampton,yes,False,3,1,6.25
0,3,male,28.0,0,0,7.2292,C,Third,man,True,C,Cherbourg,no,True,1,0,7.2292
0,3,male,23.0,0,0,7.8542,S,Third,man,True,C,Southampton,no,True,1,0,7.8542
0,3,male,18.0,0,0,8.3,S,Third,man,True,C,Southampton,no,True,1,0,8.3
1,1,female,39.0,1,1,83.1583,C,First,woman,False,E,Cherbourg,yes,False,3,0,27.71943333333333
0,3,male,21.0,0,0,8.6625,S,Third,man,True,C,Southampton,no,True,1,0,8.6625
0,3,male,28.0,0,0,8.05,S,Third,man,True,C,Southampton,no,True,1,0,8.05
1,3,male,32.0,0,0,56.4958,S,Third,man,True,C,Southampton,yes,True,1,0,56.4958
1,1,male,28.0,0,0,29.7,C,First,man,True,C,Cherbourg,yes,True,1,0,29.7
0,3,male,20.0,0,0,7.925,S,Third,man,True,C,Southampton,no,True,1,0,7.925
0,2,male,16.0,0,0,10.5,S,Second,man,True,C,Southampton,no,True,1,1,10.5
1,1,female,30.0,0,0,31.0,C,First,woman,False,C,Cherbourg,yes,True,1,0,31.0
0,3,male,34.5,0,0,6.4375,C,Third,man,True,C,Cherbourg,no,True,1,0,6.4375
0,3,male,17.0,0,0,8.6625,S,Third,man,True,C,Southampton,no,True,1,1,8.6625
0,3,male,42.0,0,0,7.55,S,Third,man,True,C,Southampton,no,True,1,0,7.55
0,3,male,28.0,8,2,69.55,S,Third,man,True,C,Southampton,no,False,11,0,6.322727272727272
0,3,male,35.0,0,0,7.8958,C,Third,man,True,C,Cherbourg,no,True,1,0,7.8958
0,2,male,28.0,0,1,33.0,S,Second,man,True,C,Southampton,no,False,2,0,16.5
1,1,female,28.0,1,0,89.1042,C,First,woman,False,C,Cherbourg,yes,False,2,0,44.5521
0,3,male,4.0,4,2,31.275,S,Third,child,False,C,Southampton,no,False,7,1,4.4678571428571425
0,3,male,74.0,0,0,7.775,S,Third,man,True,C,Southampton,no,True,1,0,7.775
0,3,female,9.0,1,1,15.2458,C,Third,child,False,C,Cherbourg,no,False,3,1,5.081933333333333
1,1,female,16.0,0,1,39.4,S,First,woman,False,D,Southampton,yes,False,2,1,19.7
0,2,female,44.0,1,0,26.0,S,Second,woman,False,C,Southampton,no,False,2,0,13.0
1,3,female,18.0,0,1,9.35,S,Third,woman,False,C,Southampton,yes,False,2,0,4.675
1,1,female,45.0,1,1,164.8667,S,First,woman,False,C,Southampton,yes,False,3,0,54.95556666666667
1,1,male,51.0,0,0,26.55,S,First,man,True,E,Southampton,yes,True,1,0,26.55
1,3,female,24.0,0,3,19.2583,C,Third,woman,False,C,Cherbourg,yes,False,4,0,4.814575
0,3,male,28.0,0,0,7.2292,C,Third,man,True,C,Cherbourg,no,True,1,0,7.2292
0,3,male,41.0,2,0,14.1083,S,Third,man,True,C,Southampton,no,False,3,0,4.702766666666666
0,2,male,21.0,1,0,11.5,S,Second,man,True,C,Southampton,no,False,2,0,5.75
1,1,female,48.0,0,0,25.9292,S,First,woman,False,D,Southampton,yes,True,1,0,25.9292
0,3,female,28.0,8,2,69.55,S,Third,woman,False,C,Southampton,no,False,11,0,6.322727272727272
0,2,male,24.0,0,0,13.0,S,Second,man,True,C,Southampton,no,True,1,0,13.0
1,2,female,42.0,0,0,13.0,S,Second,woman,False,C,Southampton,yes,True,1,0,13.0
1,2,female,27.0,1,0,13.8583,C,Second,woman,False,C,Cherbourg,yes,False,2,0,6.92915
0,1,male,31.0,0,0,50.4958,S,First,man,True,A,Southampton,no,True,1,0,50.4958
0,3,male,28.0,0,0,9.5,S,Third,man,True,C,Southampton,no,True,1,0,9.5
1,3,male,4.0,1,1,11.1333,S,Third,child,False,C,Southampton,yes,False,3,1,3.7111
0,3,male,26.0,0,0,7.8958,S,Third,man,True,C,Southampton,no,True,1,0,7.8958
1,1,female,47.0,1,1,52.5542,S,First,woman,False,D,Southampton,yes,False,3,0,17.518066666666666
0,1,male,33.0,0,0,5.0,S,First,man,True,B,Southampton,no,True,1,0,5.0
0,3,male,47.0,0,0,9.0,S,Third,man,True,C,Southampton,no,True,1,0,9.0
1,2,female,28.0,1,0,24.0,C,Second,woman,False,C,Cherbourg,yes,False,2,0,12.0
1,3,female,15.0,0,0,7.225,C,Third,child,False,C,Cherbourg,yes,True,1,1,7.225
0,3,male,20.0,0,0,9.8458,S,Third,man,True,C,Southampton,no,True,1,0,9.8458
0,3,male,19.0,0,0,7.8958,S,Third,man,True,C,Southampton,no,True,1,0,7.8958
0,3,male,28.0,0,0,7.8958,S,Third,man,True,C,Southampton,no,True,1,0,7.8958
1,1,female,56.0,0,1,83.1583,C,First,woman,False,C,Cherbourg,yes,False,2,0,41.57915
1,2,female,25.0,0,1,26.0,S,Second,woman,False,C,Southampton,yes,False,2,0,13.0
0,3,male,33.0,0,0,7.8958,S,Third,man,True,C,Southampton,no,True,1,0,7.8958
0,3,female,22.0,0,0,10.5167,S,Third,woman,False,C,Southampton,no,True,1,0,10.5167
0,2,male,28.0,0,0,10.5,S,Second,man,True,C,Southampton,no,True,1,0,10.5
0,3,male,25.0,0,0,7.05,S,Third,man,True,C,Southampton,no,True,1,0,7.05
0,3,female,39.0,0,5,29.125,Q,Third,woman,False,C,Queenstown,no,False,6,0,4.854166666666667
0,2,male,27.0,0,0,13.0,S,Second,man,True,C,Southampton,no,True,1,0,13.0
1,1,female,19.0,0,0,30.0,S,First,woman,False,B,Southampton,yes,True,1,0,30.0
0,3,female,28.0,1,2,23.45,S,Third,woman,False,C,Southampton,no,False,4,0,5.8625
1,1,male,26.0,0,0,30.0,C,First,man,True,C,Cherbourg,yes,True,1,0,30.0
0,3,male,32.0,0,0,7.75,Q,Third,man,True,C,Queenstown,no,True,1,0,7.75
